Physical_Condition,SHAP_Impact,Support,Confidence,Lift,Rule_Strength
NDVI_season_max_Low,NDVI_8_NegativeImpact,0.138,0.7840909090909092,4.170696324951645,3.9242460875681386
NDVI_season_max_Low | year_High,NDVI_8_NegativeImpact,0.138,0.7840909090909092,4.170696324951645,3.9242460875681386
NDVI_season_max_Low | X_Low,NDVI_8_NegativeImpact,0.108,0.7826086956521738,4.162812210915818,3.909423641555724
NDVI_season_max_Low,NDVI_8_NegativeImpact | TMIN_season_std_MediumImpact,0.134,0.7613636363636365,4.2773237997957105,3.9079185625406265
NDVI_season_max_Low | NDVI_7_Low,NDVI_8_NegativeImpact,0.102,0.7611940298507461,4.048904414099714,3.698402240938842
NDVI_season_max_Low | NDVI_7_Low,EVI_season_max_NegativeImpact,0.098,0.7313432835820896,4.018369690011482,3.526569220487688
NDVI_8_Low | X_Low,NDVI_9_NegativeImpact,0.084,0.6268656716417911,4.6093064091308165,3.4672991495551213
NDVI_season_max_Low,NDVI_8_NegativeImpact | GPP_5_MediumImpact,0.108,0.6136363636363636,4.648760330578512,3.4231780616078136
NDVI_season_max_Low,NDVI_8_NegativeImpact | EVI_season_max_NegativeImpact,0.1,0.5681818181818182,4.984051036682616,3.398216615919966
NDVI_season_max_Low | NDVI_8_Low,EVI_season_max_NegativeImpact,0.11,0.7142857142857143,3.9246467817896393,3.363982955819691
organic_matter_Low | NDVI_season_max_Low,NDVI_season_mean_MediumImpact,0.07,0.853658536585366,3.209242618741977,3.2875168289551957
NDVI_season_max_Low,TMIN_season_std_MediumImpact | EVI_season_max_NegativeImpact,0.122,0.6931818181818182,3.9385330578512403,3.2761434072126225
NDVI_season_max_Low,EVI_season_max_NegativeImpact,0.124,0.7045454545454546,3.8711288711288714,3.272863500136228
NDVI_season_max_Low | year_High,EVI_season_max_NegativeImpact,0.124,0.7045454545454546,3.8711288711288714,3.272863500136228
NDVI_season_max_Low | X_Low,NDVI_9_NegativeImpact,0.084,0.6086956521739131,4.475703324808184,3.2692093850772825
NDVI_season_max_Low,NDVI_8_NegativeImpact | NDVI_season_mean_MediumImpact,0.102,0.5795454545454546,4.5995670995671,3.1987898465171196
NDVI_season_max_Low | X_Low,EVI_season_max_NegativeImpact,0.096,0.6956521739130435,3.822264691829909,3.1907600905710543
NDVI_7_Low | X_Low,EVI_season_max_NegativeImpact,0.086,0.6935483870967741,3.810705423608649,3.1714903202936493
organic_matter_Low | NDVI_8_Low,VPDMIN_11_NegativeImpact,0.07,0.8750000000000001,3.0172413793103456,3.1681034482758634
GPP_8_Low,NDVI_8_NegativeImpact,0.074,0.6981132075471698,3.713368125250903,3.1108215992667936
year_High | GPP_8_Low,NDVI_8_NegativeImpact,0.074,0.6981132075471698,3.713368125250903,3.1108215992667936
NDVI_8_Low | X_Low,EVI_season_max_NegativeImpact,0.092,0.6865671641791045,3.7723470559291457,3.1079635445864002
NDVI_season_max_Low,NDVI_8_NegativeImpact | GPP_6_MediumImpact,0.096,0.5454545454545455,4.702194357366771,3.077799943003705
NDVI_7_Low | NDVI_8_Low,EVI_season_max_NegativeImpact,0.098,0.6805555555555556,3.7393162393162394,3.0537749287749287
NDVI_7_Low | X_Low,NDVI_season_mean_MediumImpact,0.102,0.8225806451612903,3.092408440455978,3.0525063960629972
NDVI_season_max_Low,NDVI_8_NegativeImpact | organic_matter_NegativeImpact,0.096,0.5454545454545455,4.622496147919877,3.025633842274829
NDVI_season_max_Low,NDVI_8_NegativeImpact | NDVI_season_std_MediumImpact,0.096,0.5454545454545455,4.622496147919877,3.025633842274829
NDVI_season_max_Low | NDVI_7_Low,NDVI_season_mean_MediumImpact,0.108,0.8059701492537313,3.0299629671192907,2.9304716458108957
NDVI_8_Low | GPP_8_Low,EVI_season_max_NegativeImpact,0.068,0.6666666666666667,3.6630036630036633,2.930402930402931
NDVI_7_Low | X_Low,NDVI_8_NegativeImpact,0.084,0.6774193548387097,3.603294440631435,2.9291296743197472
NDVI_season_max_Low,NDVI_8_NegativeImpact | year_HighNegativeImpact,0.092,0.5227272727272727,4.667207792207792,2.927612160566706
organic_matter_Low | NDVI_8_Low,GPP_6_MediumImpact,0.07,0.8750000000000001,2.7689873417721524,2.9074367088607604
NDVI_season_max_Low,EVI_season_max_NegativeImpact | NDVI_season_mean_MediumImpact,0.094,0.5340909090909092,4.450757575757577,2.8525309917355384
NDVI_season_max_Low,NDVI_8_NegativeImpact | GPP_10_NegativeImpact,0.084,0.47727272727272735,4.97159090909091,2.8473657024793395
NDVI_8_Low | X_Low,NDVI_season_mean_MediumImpact,0.106,0.7910447761194029,2.9738525418022665,2.8229406217705093
NDVI_7_Low | GPP_8_Low,NDVI_season_mean_MediumImpact,0.068,0.7906976744186047,2.9725476481902433,2.8204638150270216
NDVI_season_max_Low,year_HighNegativeImpact | NDVI_season_mean_MediumImpact,0.098,0.5568181818181819,4.155359565807327,2.7765357098803505
GPP_8_Low,NDVI_8_NegativeImpact | TMIN_season_std_MediumImpact,0.068,0.6415094339622642,3.6039855840576642,2.774388902444391
NDVI_8_Low,EVI_season_max_NegativeImpact,0.12,0.6451612903225806,3.544842254519674,2.7443940034991026
year_High | NDVI_8_Low,EVI_season_max_NegativeImpact,0.12,0.6451612903225806,3.544842254519674,2.7443940034991026
NDVI_8_Low,TMIN_season_std_MediumImpact | EVI_season_max_NegativeImpact,0.118,0.6344086021505376,3.6045943304007824,2.7441427805631764
GPP_8_Low,EVI_season_max_NegativeImpact,0.068,0.6415094339622642,3.5247771096827707,2.713413322170888
year_High | GPP_8_Low,EVI_season_max_NegativeImpact,0.068,0.6415094339622642,3.5247771096827707,2.713413322170888
NDVI_season_max_Low,NDVI_8_NegativeImpact | wilting_point_MediumImpact,0.082,0.46590909090909094,4.853219696969697,2.7133910123966944
NDVI_season_max_Low | GPP_8_Low,NDVI_season_mean_MediumImpact,0.068,0.7727272727272728,2.9049897470950103,2.6937177654881004
NDVI_season_max_Low,NDVI_8_NegativeImpact | GPP_8_PositiveImpact,0.076,0.4318181818181818,5.140692640692641,2.6638134592680047
NDVI_season_max_Low | X_Low,NDVI_season_mean_MediumImpact,0.106,0.7681159420289855,2.8876539174022007,2.661663610822898
NDVI_season_max_Low,NDVI_season_mean_MediumImpact | GPP_6_MediumImpact,0.108,0.6136363636363636,3.567653276955603,2.6270901403036713
NDVI_season_max_Low | NDVI_8_Low,NDVI_9_NegativeImpact,0.084,0.5454545454545455,4.010695187165775,2.6251823043266893
NDVI_season_max_Low,TMIN_season_std_MediumImpact | NDVI_9_NegativeImpact,0.092,0.5227272727272727,4.148629148629149,2.6023219205037385
NDVI_season_max_Low,NDVI_season_mean_MediumImpact | GPP_5_MediumImpact,0.094,0.5340909090909092,4.046143250688706,2.593209992486853
organic_matter_High | NDVI_8_High,NDVI_season_max_PositiveImpact,0.154,0.9166666666666666,2.35042735042735,2.585470085470085
NDVI_7_Low | NDVI_8_Low,GPP_8_PositiveImpact,0.084,0.5833333333333334,3.691983122362869,2.5843881856540087
NDVI_season_max_Low,NDVI_8_NegativeImpact | TMIN_9_MediumImpact,0.084,0.47727272727272735,4.502572898799315,2.5787462965850625
NDVI_season_max_Low,NDVI_8_NegativeImpact | EVI_season_std_MediumImpact,0.092,0.5227272727272727,4.083806818181818,2.5616606404958677
NDVI_season_max_Low | NDVI_8_Low,NDVI_season_mean_MediumImpact,0.116,0.7532467532467533,2.8317547114539594,2.5596120508726696
NDVI_season_max_Low,VPDMIN_8_MediumImpact | EVI_season_max_NegativeImpact,0.094,0.5340909090909092,3.9857530529172323,2.5545053657333177
NDVI_season_max_Low,EVI_season_max_NegativeImpact | wilting_point_MediumImpact,0.076,0.4318181818181818,4.90702479338843,2.5427310293012773
NDVI_season_max_Low,EVI_season_max_NegativeImpact | GPP_5_MediumImpact,0.088,0.5,4.237288135593221,2.542372881355932
NDVI_season_max_Low,TMEAN_10_MediumImpact | NDVI_8_NegativeImpact,0.088,0.5,4.237288135593221,2.542372881355932
NDVI_7_Low | NDVI_8_Low,NDVI_season_mean_MediumImpact,0.108,0.75,2.819548872180451,2.5375939849624056
NDVI_season_max_Low,GPP_10_NegativeImpact | GPP_6_MediumImpact,0.074,0.42045454545454547,5.005411255411255,2.525457497048406
NDVI_season_max_Low,NDVI_9_NegativeImpact,0.094,0.5340909090909092,3.927139037433155,2.516939110354886
NDVI_season_max_Low | year_High,NDVI_9_NegativeImpact,0.094,0.5340909090909092,3.927139037433155,2.516939110354886
NDVI_8_Low | GPP_8_Low,NDVI_season_mean_MediumImpact,0.076,0.7450980392156863,2.8011204481792715,2.5045312242544076
NDVI_season_max_Low,EVI_season_max_NegativeImpact | GPP_6_MediumImpact,0.09,0.5113636363636364,4.058441558441558,2.4904073199527743
NDVI_8_Low | X_Low,EVI_8_NegativeImpact,0.07,0.5223880597014926,3.9574853007688833,2.4808116810790017
NDVI_season_max_Low,NDVI_season_mean_MediumImpact,0.13,0.7386363636363638,2.7768284347231718,2.4612797489591753
NDVI_season_max_Low | year_High,NDVI_season_mean_MediumImpact,0.13,0.7386363636363638,2.7768284347231718,2.4612797489591753
NDVI_season_max_Low,TMIN_season_std_MediumImpact | NDVI_season_mean_MediumImpact,0.126,0.7159090909090909,2.8636363636363638,2.4601239669421493
NDVI_season_max_Low,NDVI_8_NegativeImpact | VPDMIN_8_MediumImpact,0.09,0.5113636363636364,3.9950284090909087,2.451494705578512
NDVI_season_max_Low | NDVI_7_Low,GPP_8_PositiveImpact,0.076,0.5671641791044776,3.589646703192896,2.4431028308297917
GPP_8_Medium | X_Low,GPP_5_MediumImpact,0.068,0.8292682926829269,2.4534564872275944,2.441488406802094
NDVI_8_Low,NDVI_season_mean_MediumImpact | GPP_6_MediumImpact,0.11,0.5913978494623656,3.438359589897475,2.4401261605724014
NDVI_8_Low,EVI_season_max_NegativeImpact | GPP_6_MediumImpact,0.094,0.5053763440860215,4.010923365762076,2.432430944397646
NDVI_season_max_Low,NDVI_8_NegativeImpact | VPDMIN_11_NegativeImpact,0.08,0.4545454545454546,4.456327985739751,2.4307243558580462
NDVI_season_max_Low,EVI_season_max_NegativeImpact | year_HighNegativeImpact,0.08,0.4545454545454546,4.456327985739751,2.4307243558580462
organic_matter_High | NDVI_7_High,GPP_6_HighPositiveImpact,0.11,0.6962025316455697,2.9008438818565403,2.423489825348502
NDVI_season_max_Low,NDVI_8_NegativeImpact | NDVI_9_NegativeImpact,0.074,0.42045454545454547,4.777892561983472,2.410663974455297
NDVI_season_max_Low,NDVI_8_NegativeImpact | NDVI_10_NegativeImpact,0.078,0.44318181818181823,4.522263450834879,2.4050219261258223
NDVI_7_Low | NDVI_8_Low,EVI_8_NegativeImpact,0.074,0.513888888888889,3.893097643097643,2.40074354657688
NDVI_season_max_Low,PPT_season_mean_MediumImpact | NDVI_8_NegativeImpact,0.086,0.48863636363636365,4.071969696969697,2.387654958677686
NDVI_8_Low,VPDMIN_8_MediumImpact | EVI_season_max_NegativeImpact,0.096,0.5161290322580645,3.851709195955705,2.385574727817727
NDVI_7_Low | NDVI_8_Low,GPP_6_MediumImpact,0.114,0.7916666666666667,2.505274261603376,2.3800105485232073
NDVI_7_Low | X_Low,GPP_7_MediumImpact,0.094,0.7580645161290323,2.614015572858732,2.3779109404714918
NDVI_8_Low | X_Low,NDVI_season_max_NegativeImpact,0.092,0.6865671641791045,2.8847359839458173,2.376678004683718
NDVI_season_max_Low | NDVI_7_Low,GPP_6_MediumImpact,0.106,0.7910447761194029,2.5033062535424144,2.3762728018701127
NDVI_7_Low | GPP_8_Low,GPP_6_MediumImpact,0.068,0.7906976744186047,2.5022078304386226,2.3741878949278097
NDVI_7_Low | organic_matter_Medium,GPP_6_MediumImpact,0.074,0.7872340425531914,2.491246970105036,2.3534333079290124
year_High | NDVI_8_Low,NDVI_9_NegativeImpact,0.096,0.5161290322580645,3.7950664136622385,2.3504927465262893
NDVI_8_Low,NDVI_9_NegativeImpact,0.096,0.5161290322580645,3.7950664136622385,2.3504927465262893
NDVI_season_max_Low,GPP_10_NegativeImpact | NDVI_season_mean_MediumImpact,0.072,0.40909090909090906,4.7568710359408035,2.3351912358254854
NDVI_season_max_Low,NDVI_season_mean_MediumImpact | GPP_8_PositiveImpact,0.072,0.40909090909090906,4.7568710359408035,2.3351912358254854
NDVI_season_max_Low,TMEAN_10_MediumImpact | EVI_season_max_NegativeImpact,0.082,0.46590909090909094,4.159902597402597,2.325763724911452
NDVI_8_Low,NDVI_season_mean_MediumImpact | GPP_5_MediumImpact,0.094,0.5053763440860215,3.8286086673183446,2.32186590147048
GPP_8_Low,NDVI_season_mean_MediumImpact,0.076,0.7169811320754716,2.695417789757412,2.3190764379799615
year_High | GPP_8_Low,NDVI_season_mean_MediumImpact,0.076,0.7169811320754716,2.695417789757412,2.3190764379799615
X_Medium | NDVI_8_High,NDVI_season_max_PositiveImpact,0.158,0.8681318681318682,2.225979149056072,2.3189321245111607
NDVI_season_max_Low,NDVI_8_NegativeImpact | PPT_6_MediumImpact,0.078,0.44318181818181823,4.344919786096257,2.3107073407875554
NDVI_8_Low | X_Low,NDVI_10_NegativeImpact,0.078,0.582089552238806,3.3073270013568523,2.3101925919925477
NDVI_season_max_Low,EVI_season_max_NegativeImpact | EVI_season_std_MediumImpact,0.09,0.5113636363636364,3.760026737967914,2.307289134662129
NDVI_season_max_Low,EVI_season_max_NegativeImpact | TMIN_9_MediumImpact,0.082,0.46590909090909094,4.086921850079745,2.2849608525445846
NDVI_season_max_Low,NDVI_8_NegativeImpact | GPP_season_std_MediumImpact,0.076,0.4318181818181818,4.4063079777365495,2.2832686793725756
NDVI_season_max_Low,GPP_7_MediumImpact | NDVI_8_NegativeImpact,0.076,0.4318181818181818,4.4063079777365495,2.2832686793725756
NDVI_8_Low,EVI_season_max_NegativeImpact | GPP_5_MediumImpact,0.088,0.47311827956989244,4.009476945507563,2.2763482013204226
organic_matter_Low | X_Low,GPP_7_MediumImpact,0.086,0.7413793103448275,2.5564803804994054,2.274385993685678
NDVI_season_max_Low | NDVI_7_Low,NDVI_9_NegativeImpact,0.068,0.5074626865671642,3.731343283582089,2.2722209846290933
year_High | NDVI_8_Low,NDVI_season_mean_MediumImpact,0.132,0.7096774193548387,2.6679602231384916,2.2720693513179415
NDVI_8_Low,NDVI_season_mean_MediumImpact,0.132,0.7096774193548387,2.6679602231384916,2.2720693513179415
NDVI_season_max_Low | GPP_8_Low,GPP_6_MediumImpact,0.068,0.7727272727272728,2.445339470655927,2.2674966000627688
NDVI_season_max_Low | NDVI_8_Low,GPP_8_PositiveImpact,0.084,0.5454545454545455,3.452243958573073,2.2596505910660114
NDVI_8_Low,NDVI_season_mean_MediumImpact | NDVI_season_max_NegativeImpact,0.092,0.4946236559139785,3.80479735318445,2.2583313322127054
NDVI_season_max_Low | X_Low,GPP_5_MediumImpact,0.11,0.7971014492753623,2.358288311465569,2.255754037054022
NDVI_season_max_Low,wilting_point_MediumImpact | NDVI_season_mean_MediumImpact,0.082,0.46590909090909094,4.016457680250784,2.2455649757765745
NDVI_8_Low,NDVI_season_max_NegativeImpact,0.124,0.6666666666666666,2.8011204481792715,2.240896358543417
year_High | NDVI_8_Low,NDVI_season_max_NegativeImpact,0.124,0.6666666666666666,2.8011204481792715,2.240896358543417
organic_matter_Low | NDVI_7_High,wilting_point_NegativeImpact,0.092,0.9019607843137255,2.068717395214967,2.2390823571738467
NDVI_8_Low,GPP_6_MediumImpact | NDVI_season_max_NegativeImpact,0.088,0.47311827956989244,3.942652329749104,2.238409064631749
NDVI_8_Low,EVI_season_max_NegativeImpact | NDVI_season_mean_MediumImpact,0.088,0.47311827956989244,3.942652329749104,2.238409064631749
NDVI_season_max_Low,NDVI_8_NegativeImpact | PPT_7_PositiveImpact,0.076,0.4318181818181818,4.318181818181818,2.237603305785124
NDVI_season_max_Low | NDVI_8_Low,GPP_6_MediumImpact,0.118,0.7662337662337662,2.4247903994739435,2.2295475361396777
NDVI_season_max_Low | NDVI_8_Low,GPP_10_NegativeImpact,0.09,0.5844155844155844,3.176171654432524,2.2274450563552763
NDVI_8_Low,EVI_8_NegativeImpact,0.092,0.4946236559139785,3.747148908439231,2.2241141908155435
year_High | NDVI_8_Low,EVI_8_NegativeImpact,0.092,0.4946236559139785,3.747148908439231,2.2241141908155435
NDVI_8_Low,GPP_7_MediumImpact | NDVI_season_mean_MediumImpact,0.1,0.5376344086021506,3.44637441411635,2.2234673639460323
NDVI_8_Low | X_Low,GPP_5_MediumImpact,0.106,0.7910447761194029,2.3403691601165764,2.2216041579614063
X_Low | NDVI_8_Medium,TMIN_9_MediumImpact,0.08,0.8333333333333334,2.2045855379188715,2.2045855379188715
organic_matter_Low | NDVI_8_High,wilting_point_NegativeImpact,0.102,0.894736842105263,2.052148720424915,2.203359678772014
NDVI_season_max_Low,GPP_7_MediumImpact | NDVI_season_mean_MediumImpact,0.094,0.5340909090909092,3.423659673659674,2.194254609027337
GPP_8_Medium | NDVI_8_Medium,GPP_9_MediumImpact,0.072,0.7199999999999999,2.5352112676056335,2.190422535211267
NDVI_7_Low | X_Low,GPP_6_MediumImpact,0.094,0.7580645161290323,2.398938342180482,2.1822600403061156
NDVI_season_max_Low,NDVI_season_std_MediumImpact | NDVI_season_mean_MediumImpact,0.094,0.5340909090909092,3.380322209436134,2.1664792342295223
organic_matter_Low | NDVI_season_max_High,NDVI_season_mean_HighPositiveImpact,0.076,0.5846153846153845,3.0769230769230766,2.158579881656804
NDVI_7_Low | NDVI_8_Low,NDVI_season_max_NegativeImpact,0.094,0.6527777777777778,2.742763772175537,2.1484982882041703
organic_matter_High | NDVI_8_High,GPP_6_HighPositiveImpact,0.11,0.6547619047619048,2.7281746031746033,2.143565759637188
NDVI_8_Low,TMIN_season_std_MediumImpact | NDVI_9_NegativeImpact,0.088,0.47311827956989244,3.754906980713432,2.1318181567921415
NDVI_season_max_Low | NDVI_8_Low,NDVI_10_NegativeImpact,0.086,0.5584415584415584,3.1729634002361276,2.126297551327067
organic_matter_Low | NDVI_season_max_High,wilting_point_NegativeImpact,0.114,0.8769230769230769,2.0112914608327452,2.1164974757070736
NDVI_season_max_High | organic_matter_High,GPP_6_HighPositiveImpact,0.108,0.6506024096385542,2.710843373493976,2.1164174771374653
NDVI_8_Low,TMIN_season_std_MediumImpact | GPP_6_MediumImpact,0.136,0.7311827956989247,2.405206564799095,2.110374792339851
NDVI_season_max_High | NDVI_7_Medium,GPP_6_NegativeImpact,0.08,0.7407407407407408,2.374169040835708,2.1103724807428517
NDVI_8_Low,NDVI_season_std_MediumImpact | NDVI_season_mean_MediumImpact,0.098,0.5268817204301075,3.334694433101946,2.1083874480257463
NDVI_season_max_Low | NDVI_8_Low,EVI_8_NegativeImpact,0.074,0.4805194805194805,3.6402990948445493,2.0990815559882856
NDVI_8_Low,EVI_8_NegativeImpact | TMIN_season_std_MediumImpact,0.088,0.47311827956989244,3.6962365591397845,2.0985084980922646
NDVI_8_Low | X_Low,GPP_10_NegativeImpact,0.076,0.5671641791044776,3.082414016872161,2.0978817786473214
NDVI_8_Low,year_HighNegativeImpact | NDVI_season_mean_MediumImpact,0.09,0.48387096774193544,3.6109773712084734,2.0966965381210487
X_Low | NDVI_season_max_Medium,TMIN_9_MediumImpact,0.078,0.8125,2.1494708994708995,2.095734126984127
GPP_8_Low,TMIN_season_std_MediumImpact | NDVI_season_mean_MediumImpact,0.07,0.6603773584905661,2.6415094339622645,2.0932716269134928
NDVI_season_max_Low | X_Low,GPP_10_NegativeImpact,0.078,0.5652173913043478,3.0718336483931945,2.083504561518862
organic_matter_High | NDVI_7_High,NDVI_season_max_PositiveImpact,0.13,0.8227848101265823,2.109704641350211,2.082999519307803
NDVI_season_max_Low | X_Low,GPP_6_MediumImpact,0.102,0.7391304347826085,2.339020363236103,2.074609365652891
NDVI_8_Low | X_Low,GPP_8_PositiveImpact,0.07,0.5223880597014926,3.30625354241451,2.072576847483723
NDVI_season_max_Low,NDVI_season_mean_MediumImpact | NDVI_10_NegativeImpact,0.076,0.4318181818181818,3.9983164983164983,2.0718549127640036
NDVI_season_max_Low,EVI_season_max_NegativeImpact | NDVI_season_std_MediumImpact,0.076,0.4318181818181818,3.9983164983164983,2.0718549127640036
NDVI_8_Low,EVI_season_max_NegativeImpact | year_HighNegativeImpact,0.078,0.41935483870967744,4.111321948134092,2.068923302931995
NDVI_season_max_Low | X_Low,NDVI_10_NegativeImpact,0.076,0.5507246376811593,3.1291172595520416,2.067938362834392
NDVI_season_max_Low | X_Low,GPP_8_PositiveImpact,0.072,0.5217391304347825,3.3021463951568513,2.0674307865329844
NDVI_season_max_Low,NDVI_season_mean_MediumImpact | VPDMIN_11_NegativeImpact,0.08,0.4545454545454546,3.7878787878787885,2.066115702479339
NDVI_8_Low,EVI_season_max_NegativeImpact | EVI_season_std_MediumImpact,0.09,0.48387096774193544,3.5578747628083485,2.0658627655016213
NDVI_8_Low,TMIN_season_std_MediumImpact | NDVI_season_mean_MediumImpact,0.122,0.6559139784946236,2.6236559139784945,2.065071106486299
organic_matter_High | X_Low,EVI_4_NegativeImpact,0.072,0.8780487804878048,1.9512195121951217,2.055919095776323
NDVI_8_Low,EVI_season_max_NegativeImpact | NDVI_season_std_MediumImpact,0.08,0.43010752688172044,3.982477100756671,2.055472052003443
NDVI_season_max_Low,EVI_season_max_NegativeImpact | organic_matter_NegativeImpact,0.074,0.42045454545454547,4.042832167832168,2.039792593769867
NDVI_7_Low,GPP_7_MediumImpact,0.16,0.7017543859649122,2.4198427102238353,2.0377622822937558
NDVI_7_Low | year_High,GPP_7_MediumImpact,0.16,0.7017543859649122,2.4198427102238353,2.0377622822937558
NDVI_8_Low | X_Low,GPP_7_MediumImpact,0.094,0.7014925373134328,2.4189397838394235,2.0362418478887085
NDVI_8_Low | X_Low,GPP_6_MediumImpact,0.098,0.7313432835820896,2.314377479690157,2.031125310534048
year_High | NDVI_8_Low,GPP_6_MediumImpact,0.136,0.7311827956989247,2.313869606642167,2.030233977440869
NDVI_8_Low,GPP_6_MediumImpact,0.136,0.7311827956989247,2.313869606642167,2.030233977440869
GPP_8_Low,TMIN_season_std_MediumImpact | GPP_6_MediumImpact,0.076,0.7169811320754716,2.3584905660377355,2.0291918832324667
NDVI_8_Low,GPP_8_PositiveImpact,0.096,0.5161290322580645,3.266639444671294,2.0232089463770593
year_High | NDVI_8_Low,GPP_8_PositiveImpact,0.096,0.5161290322580645,3.266639444671294,2.0232089463770593
NDVI_season_max_Low,TMIN_season_std_MediumImpact | GPP_6_MediumImpact,0.126,0.7159090909090909,2.354964114832536,2.0231282622879516
NDVI_season_max_Low,GPP_6_MediumImpact | VPDMIN_11_NegativeImpact,0.08,0.4545454545454546,3.6656891495601176,1.9994668088509733
NDVI_8_Low | GPP_8_Low,GPP_6_MediumImpact,0.074,0.7254901960784313,2.2958550508811117,1.9987443972376737
NDVI_7_Medium | X_Low,GPP_5_MediumImpact,0.078,0.75,2.2189349112426036,1.997041420118343
NDVI_7_Low | NDVI_8_Low,GPP_7_MediumImpact,0.1,0.6944444444444445,2.394636015325671,1.9955300127713929
NDVI_8_Low,EVI_8_NegativeImpact | EVI_season_std_MediumImpact,0.078,0.41935483870967744,3.9561777236762024,1.9908507254628631
NDVI_season_max_Low,NDVI_season_std_MediumImpact | GPP_6_MediumImpact,0.094,0.5340909090909092,3.1051797040169142,1.9901379012108407
organic_matter_Low | X_High,wilting_point_NegativeImpact,0.09,0.8490566037735849,1.947377531590791,1.9841205038849568
NDVI_8_Low,TMIN_season_std_MediumImpact | GPP_8_PositiveImpact,0.092,0.4946236559139785,3.3420517291485035,1.9836694134300794
NDVI_8_Low,TMIN_season_std_MediumImpact | NDVI_season_max_NegativeImpact,0.114,0.6129032258064516,2.6881720430107525,1.9771071800208115
NDVI_8_Low,GPP_6_MediumImpact | VPDMIN_11_NegativeImpact,0.084,0.4516129032258065,3.6420395421436007,1.9737504615487902
NDVI_season_max_Low,EVI_8_NegativeImpact,0.082,0.46590909090909094,3.5296143250688705,1.9733752817430505
NDVI_season_max_Low | year_High,EVI_8_NegativeImpact,0.082,0.46590909090909094,3.5296143250688705,1.9733752817430505
NDVI_season_max_Low | NDVI_7_Low,NDVI_10_NegativeImpact,0.072,0.5373134328358208,3.0529172320217093,1.9684481257214597
NDVI_7_Low | NDVI_8_Low,NDVI_9_NegativeImpact,0.068,0.47222222222222227,3.4722222222222223,1.9675925925925926
NDVI_season_max_Low,PPT_season_mean_MediumImpact | EVI_season_max_NegativeImpact,0.076,0.4318181818181818,3.7878787878787876,1.9628099173553717
NDVI_8_Low,NDVI_season_mean_MediumImpact | NDVI_10_NegativeImpact,0.078,0.41935483870967744,3.882915173237754,1.953983119435773
GPP_8_Low,GPP_6_MediumImpact,0.076,0.7169811320754716,2.2689276331502266,1.952133963616044
year_High | GPP_8_Low,GPP_6_MediumImpact,0.076,0.7169811320754716,2.2689276331502266,1.952133963616044
NDVI_season_max_Low | NDVI_7_Low,GPP_7_MediumImpact,0.092,0.6865671641791045,2.3674729799279466,1.950515052119741
NDVI_7_Low,GPP_7_MediumImpact | GPP_6_MediumImpact,0.124,0.543859649122807,2.9882398303450937,1.950219678751535
NDVI_season_max_Low | year_High,GPP_6_MediumImpact,0.126,0.7159090909090909,2.265535097813579,1.946300606758029
NDVI_season_max_Low,GPP_6_MediumImpact,0.126,0.7159090909090909,2.265535097813579,1.946300606758029
NDVI_season_max_Low,TMIN_season_std_MediumImpact | GPP_10_NegativeImpact,0.094,0.5340909090909092,3.0346074380165295,1.9449074943651394
NDVI_8_Low,NDVI_season_max_NegativeImpact | GPP_5_MediumImpact,0.086,0.46236559139784944,3.5027696318018897,1.9434721828062096
NDVI_season_max_Low,GPP_10_NegativeImpact,0.096,0.5454545454545455,2.9644268774703564,1.940352137980597
NDVI_season_max_Low | year_High,GPP_10_NegativeImpact,0.096,0.5454545454545455,2.9644268774703564,1.940352137980597
NDVI_season_max_Low,EVI_8_NegativeImpact | TMIN_season_std_MediumImpact,0.08,0.4545454545454546,3.5511363636363638,1.9369834710743803
NDVI_season_max_Low,year_HighNegativeImpact | GPP_6_MediumImpact,0.09,0.5113636363636364,3.1565656565656566,1.93698347107438
NDVI_8_Low,NDVI_season_std_MediumImpact | GPP_6_MediumImpact,0.098,0.5268817204301075,3.0632658164541136,1.9367745162096974
NDVI_season_max_Low,TMIN_season_std_MediumImpact | GPP_8_PositiveImpact,0.086,0.48863636363636365,3.3015970515970516,1.9359364529819074
NDVI_season_max_Low,GPP_season_std_MediumImpact | EVI_season_max_NegativeImpact,0.072,0.40909090909090906,3.9335664335664333,1.9310235219326124
NDVI_8_Low,EVI_season_max_NegativeImpact | NDVI_season_max_NegativeImpact,0.076,0.4086021505376344,3.9288668320926385,1.9264121241228418
NDVI_7_Low,GPP_6_MediumImpact,0.162,0.7105263157894737,2.2485009993337775,1.9171429573266945
NDVI_7_Low | year_High,GPP_6_MediumImpact,0.162,0.7105263157894737,2.2485009993337775,1.9171429573266945
NDVI_7_Low,GPP_7_MediumImpact | TMIN_season_std_MediumImpact,0.15,0.6578947368421052,2.4187306501547985,1.90952419749063
NDVI_season_max_Low | year_High,GPP_8_PositiveImpact,0.088,0.5,3.1645569620253164,1.8987341772151898
NDVI_season_max_Low,GPP_8_PositiveImpact,0.088,0.5,3.1645569620253164,1.8987341772151898
NDVI_7_Low,TMIN_season_std_MediumImpact | GPP_6_MediumImpact,0.158,0.6929824561403508,2.279547553093259,1.895623754677552
NDVI_season_max_Low,EVI_8_NegativeImpact | EVI_season_std_MediumImpact,0.072,0.40909090909090906,3.8593481989708405,1.8945891158584125
NDVI_season_max_Low,GPP_7_MediumImpact | EVI_season_max_NegativeImpact,0.072,0.40909090909090906,3.8593481989708405,1.8945891158584125
GPP_8_High | X_Low,NDVI_season_std_HighNegativeImpact,0.07,0.4929577464788733,3.2010243277848915,1.8935636868586685
organic_matter_Low | X_Medium,wilting_point_NegativeImpact,0.068,0.8292682926829269,1.9019914969791902,1.892713489676853
NDVI_season_max_Low,year_HighNegativeImpact | GPP_5_MediumImpact,0.09,0.5113636363636364,3.0805038335158814,1.8903091705665633
NDVI_8_Low,GPP_7_MediumImpact | EVI_season_max_NegativeImpact,0.076,0.4086021505376344,3.854737269222966,1.890064725554486
NDVI_7_Low | year_High,EVI_season_max_NegativeImpact,0.122,0.5350877192982456,2.940042413726624,1.887816707761306
NDVI_7_Low,EVI_season_max_NegativeImpact,0.122,0.5350877192982456,2.940042413726624,1.887816707761306
NDVI_season_max_Low | NDVI_7_Low,GPP_10_NegativeImpact,0.072,0.5373134328358208,2.920181700194678,1.8828634246031353
NDVI_8_High | NDVI_7_High,GPP_6_HighPositiveImpact,0.216,0.6136363636363636,2.556818181818182,1.8827479338842978
NDVI_season_max_Low | NDVI_8_Low,GPP_5_MediumImpact,0.112,0.7272727272727273,2.151694459386767,1.8778424372829963
NDVI_season_max_High | NDVI_7_High,GPP_6_HighPositiveImpact,0.218,0.6123595505617978,2.551498127340824,1.874921095821235
NDVI_8_Low | X_Low,NDVI_season_std_MediumImpact,0.1,0.746268656716418,2.084549320436922,1.8667605854659004
NDVI_7_Low | X_Low,year_HighNegativeImpact,0.094,0.7580645161290323,2.048823016564952,1.8637680344236014
NDVI_season_max_Low | year_High,NDVI_10_NegativeImpact,0.092,0.5227272727272727,2.97004132231405,1.8630259203606312
NDVI_season_max_Low,NDVI_10_NegativeImpact,0.092,0.5227272727272727,2.97004132231405,1.8630259203606312
NDVI_season_max_Low,VPDMIN_8_MediumImpact | NDVI_season_mean_MediumImpact,0.094,0.5340909090909092,2.9026679841897236,1.8603462989579593
NDVI_7_Low,GPP_7_MediumImpact | NDVI_season_mean_MediumImpact,0.112,0.49122807017543857,3.148897885739991,1.8561924379098893
NDVI_8_Low,NDVI_season_mean_MediumImpact | VPDMIN_11_NegativeImpact,0.08,0.43010752688172044,3.5842293906810037,1.8499248468030987
organic_matter_Low | NDVI_8_Medium,Y_PositiveImpact,0.074,0.6727272727272727,2.2881880024737167,1.8471917692696913
NDVI_season_max_Low,NDVI_season_mean_MediumImpact | TMIN_9_MediumImpact,0.084,0.47727272727272735,3.2248157248157256,1.8469399151217338
GPP_8_High | X_Low,EVI_4_NegativeImpact,0.118,0.8309859154929577,1.8466353677621283,1.8414335779937843
NDVI_8_Low,NDVI_season_std_MediumImpact | NDVI_season_max_NegativeImpact,0.084,0.4516129032258065,3.370245546461242,1.8264556509854475
NDVI_season_max_Low,NDVI_7_NegativeImpact,0.072,0.40909090909090906,3.7190082644628095,1.8256949661908335
NDVI_season_max_Low | year_High,NDVI_7_NegativeImpact,0.072,0.40909090909090906,3.7190082644628095,1.8256949661908335
NDVI_season_max_Low,wilting_point_MediumImpact | GPP_6_MediumImpact,0.08,0.4545454545454546,3.342245989304813,1.8230432668935344
NDVI_season_max_Low,organic_matter_NegativeImpact | NDVI_season_mean_MediumImpact,0.084,0.47727272727272735,3.1818181818181825,1.8223140495867773
NDVI_season_max_Low | NDVI_7_Low,GPP_5_MediumImpact,0.096,0.7164179104477612,2.1195796167093524,1.8222057600366968
NDVI_season_max_Low,GPP_5_MediumImpact,0.126,0.7159090909090909,2.1180742334588487,1.8196183187441926
NDVI_season_max_Low | year_High,GPP_5_MediumImpact,0.126,0.7159090909090909,2.1180742334588487,1.8196183187441926
NDVI_8_Low,wilting_point_MediumImpact | NDVI_season_mean_MediumImpact,0.078,0.41935483870967744,3.615127919911012,1.8192256629229608
NDVI_8_Low,VPDMIN_8_MediumImpact | NDVI_season_mean_MediumImpact,0.098,0.5268817204301075,2.863487611033193,1.8104631347177604
NDVI_8_Low,GPP_10_NegativeImpact,0.098,0.5268817204301075,2.863487611033193,1.8104631347177604
year_High | NDVI_8_Low,GPP_10_NegativeImpact,0.098,0.5268817204301075,2.863487611033193,1.8104631347177604
NDVI_season_max_Low,TMIN_season_std_MediumImpact | NDVI_10_NegativeImpact,0.088,0.5,3.012048192771084,1.8072289156626504
NDVI_season_max_Low,NDVI_season_std_MediumImpact | GPP_5_MediumImpact,0.09,0.5113636363636364,2.938871473354232,1.8033984041037332
organic_matter_Low | GPP_8_High,wilting_point_NegativeImpact,0.152,0.8085106382978723,1.8543821979308996,1.7991452813967876
X_Medium | NDVI_7_High,NDVI_season_max_PositiveImpact,0.136,0.7640449438202248,1.9590895995390378,1.796199003622309
NDVI_7_Low | X_Low,NDVI_season_max_NegativeImpact,0.074,0.5967741935483871,2.5074545947411226,1.7956610323629976
NDVI_season_max_Low,GPP_6_MediumImpact | GPP_5_MediumImpact,0.086,0.48863636363636365,3.053977272727273,1.7907412190082646
NDVI_8_Low,TMEAN_10_MediumImpact | EVI_season_max_NegativeImpact,0.076,0.4086021505376344,3.648233486943164,1.7888112581140672
NDVI_7_Low | X_Low,GPP_5_MediumImpact,0.088,0.7096774193548386,2.0996373353693447,1.7880782468951837
NDVI_7_Medium | X_Low,TMIN_9_MediumImpact,0.078,0.75,1.9841269841269842,1.7857142857142858
organic_matter_Low | X_Low,GPP_5_MediumImpact,0.082,0.7068965517241379,2.0914099163436033,1.774092549725953
NDVI_season_max_Low | NDVI_8_Low,NDVI_season_std_MediumImpact,0.112,0.7272727272727273,2.0314880650076184,1.7729350385521034
NDVI_season_max_Low,GPP_season_std_MediumImpact | NDVI_season_mean_MediumImpact,0.08,0.4545454545454546,3.2467532467532467,1.770956316410862
NDVI_season_max_Low,TMIN_season_std_MediumImpact | GPP_5_MediumImpact,0.122,0.6931818181818182,2.126324595649749,1.768715459108655
NDVI_7_Low,TMIN_season_std_MediumImpact | EVI_season_max_NegativeImpact,0.116,0.5087719298245614,2.8907496012759175,1.764878703936876
NDVI_8_Low | GPP_8_Low,NDVI_season_std_MediumImpact,0.074,0.7254901960784313,2.0265089275933836,1.7642548310812987
organic_matter_Low | NDVI_8_Medium,GPP_season_std_MediumImpact,0.078,0.7090909090909091,2.073365231259968,1.7642453240539362
NDVI_season_max_Low | X_Low,NDVI_season_std_MediumImpact,0.1,0.7246376811594203,2.0241276010039675,1.7601109573947542
NDVI_season_max_Low | X_Low,GPP_7_MediumImpact,0.09,0.6521739130434782,2.2488755622188905,1.759989570432175
NDVI_7_Medium | NDVI_8_High,VPDMIN_11_PositiveImpact,0.078,0.75,1.953125,1.7578125
NDVI_8_Low,EVI_season_max_NegativeImpact | TMIN_9_MediumImpact,0.076,0.4086021505376344,3.584229390681003,1.7574286044629435
NDVI_8_Low,GPP_7_MediumImpact | NDVI_season_max_NegativeImpact,0.076,0.4086021505376344,3.584229390681003,1.7574286044629435
NDVI_7_Low,NDVI_season_mean_MediumImpact | GPP_5_MediumImpact,0.1,0.4385964912280702,3.322700691121744,1.748789837432497
X_Low | NDVI_season_max_Medium,NDVI_8_MediumImpact,0.074,0.7708333333333333,1.889297385620915,1.747600081699346
NDVI_8_Low,EVI_season_std_MediumImpact | NDVI_season_max_NegativeImpact,0.088,0.47311827956989244,3.0721966205837172,1.744214855557207
NDVI_7_Low,NDVI_season_mean_MediumImpact | GPP_6_MediumImpact,0.114,0.5,2.906976744186047,1.7441860465116281
NDVI_8_Low,NDVI_10_NegativeImpact,0.094,0.5053763440860215,2.8714565004887587,1.74139942610286
year_High | NDVI_8_Low,NDVI_10_NegativeImpact,0.094,0.5053763440860215,2.8714565004887587,1.74139942610286
NDVI_season_max_Low,year_HighNegativeImpact | NDVI_season_std_MediumImpact,0.082,0.46590909090909094,3.1060606060606064,1.7365702479338845
NDVI_8_Low,year_HighNegativeImpact | GPP_6_MediumImpact,0.09,0.48387096774193544,2.9868578255675025,1.7343045438779046
X_High | organic_matter_Medium,sand_percent_PositiveImpact,0.084,0.736842105263158,1.9596864501679734,1.7327753875169452
NDVI_season_max_Low,GPP_7_MediumImpact | GPP_6_MediumImpact,0.09,0.5113636363636364,2.8096903096903096,1.72412814458269
X_High | NDVI_7_High,NDVI_season_max_HighPositiveImpact,0.07,0.4320987654320988,3.3238366571699904,1.7234708592733285
year_High | GPP_8_Low,NDVI_season_std_MediumImpact,0.076,0.7169811320754716,2.0027405923895856,1.7231126606219829
GPP_8_Low,NDVI_season_std_MediumImpact,0.076,0.7169811320754716,2.0027405923895856,1.7231126606219829
NDVI_7_Low,year_HighNegativeImpact | NDVI_season_mean_MediumImpact,0.1,0.4385964912280702,3.273108143493061,1.7226884965752953
NDVI_7_Low | NDVI_8_Low,GPP_10_NegativeImpact,0.074,0.513888888888889,2.7928743961352662,1.7222725442834144
NDVI_season_max_High | organic_matter_High,EVI_season_std_PositiveImpact,0.09,0.5421686746987951,2.631886770382501,1.7123118747066872
organic_matter_High | NDVI_8_High,NDVI_7_PositiveImpact,0.136,0.8095238095238095,1.7598343685300206,1.70955338657202
X_Medium | NDVI_7_High,GPP_6_HighPositiveImpact,0.104,0.5842696629213483,2.4344569288389515,1.70685519505113
NDVI_8_High | organic_matter_Medium,NDVI_season_max_PositiveImpact,0.134,0.7444444444444445,1.9088319088319088,1.7052231718898383
organic_matter_Low | NDVI_7_Medium,wilting_point_NegativeImpact,0.096,0.7868852459016393,1.8047826740863286,1.7041882299569266
organic_matter_Low | X_Low,year_HighNegativeImpact,0.084,0.7241379310344828,1.95712954333644,1.700678085933734
NDVI_7_Low,EVI_season_max_NegativeImpact | NDVI_season_mean_MediumImpact,0.094,0.41228070175438597,3.435672514619883,1.6997537703908894
X_Medium | NDVI_8_High,GPP_6_HighPositiveImpact,0.106,0.5824175824175825,2.426739926739927,1.6960512015457072
NDVI_8_Low,year_HighNegativeImpact | GPP_5_MediumImpact,0.09,0.48387096774193544,2.9148853478429846,1.6925140729410877
NDVI_7_Low | NDVI_8_Low,year_HighNegativeImpact,0.104,0.7222222222222222,1.951951951951952,1.6916916916916915
NDVI_7_Low,EVI_season_max_NegativeImpact | GPP_6_MediumImpact,0.096,0.42105263157894735,3.341687552213868,1.688431605329112
NDVI_7_Low,NDVI_8_NegativeImpact | TMIN_season_std_MediumImpact,0.114,0.5,2.808988764044944,1.6853932584269664
X_Medium | NDVI_8_High,NDVI_7_PositiveImpact,0.146,0.8021978021978021,1.7439082656473959,1.678751253524306
organic_matter_High | NDVI_8_High,EVI_season_std_PositiveImpact,0.09,0.5357142857142857,2.6005547850208046,1.6717852189419455
NDVI_8_Low,TMIN_season_std_MediumImpact | GPP_10_NegativeImpact,0.092,0.4946236559139785,2.8103616813294234,1.6680856431116577
NDVI_season_max_Low | NDVI_7_Low,year_HighNegativeImpact,0.096,0.7164179104477612,1.936264622831787,1.6646095861956856
organic_matter_Low | NDVI_7_High,b_density_MediumImpact,0.086,0.8431372549019608,1.6403448538948653,1.6596430286465695
NDVI_8_High | NDVI_7_High,NDVI_season_max_PositiveImpact,0.258,0.7329545454545455,1.8793706293706296,1.6529918944691675
NDVI_7_Low,NDVI_season_mean_MediumImpact,0.138,0.6052631578947368,2.2754254056193113,1.6526773998708681
NDVI_7_Low | year_High,NDVI_season_mean_MediumImpact,0.138,0.6052631578947368,2.2754254056193113,1.6526773998708681
NDVI_7_Low,NDVI_8_NegativeImpact,0.116,0.5087719298245614,2.706233669279582,1.6522268717706923
NDVI_7_Low | year_High,NDVI_8_NegativeImpact,0.116,0.5087719298245614,2.706233669279582,1.6522268717706923
X_High | NDVI_7_High,saturated_hc_MediumImpact,0.102,0.6296296296296295,2.1862139917695473,1.6518061271147688
GPP_8_Medium | NDVI_8_Medium,NDVI_7_MediumImpact,0.07,0.7000000000000001,1.966292134831461,1.6516853932584274
GPP_8_High | X_Low,NDVI_season_mean_NegativeImpact,0.104,0.7323943661971831,1.8779342723004695,1.6504661773457647
NDVI_season_max_Low | NDVI_7_Low,NDVI_season_std_MediumImpact,0.094,0.7014925373134328,1.959476361210706,1.6494696533176685
NDVI_8_Low,GPP_7_MediumImpact | NDVI_season_std_MediumImpact,0.086,0.46236559139784944,2.9638819961400604,1.6444764623744852
NDVI_7_Low | NDVI_8_Low,GPP_5_MediumImpact,0.098,0.6805555555555556,2.0134779750164364,1.6443403462634232
NDVI_7_Low,GPP_6_MediumImpact | EVI_season_std_MediumImpact,0.124,0.543859649122807,2.5178687459389217,1.643240655244349
X_Low | NDVI_season_max_Medium,NDVI_season_mean_NegativeImpact,0.07,0.7291666666666667,1.8696581196581197,1.6359508547008548
X_Low | NDVI_8_Medium,NDVI_season_mean_NegativeImpact,0.07,0.7291666666666667,1.8696581196581197,1.6359508547008548
NDVI_season_max_High | organic_matter_High,NDVI_season_std_NegativeImpact,0.104,0.6265060240963854,2.175368139223561,1.6354574926210865
GPP_8_High | NDVI_8_High,NDVI_season_max_PositiveImpact,0.322,0.7285067873303167,1.8679661213597865,1.6329911974964286
NDVI_8_Low,organic_matter_NegativeImpact | NDVI_season_mean_MediumImpact,0.084,0.4516129032258065,3.0107526881720434,1.6316337148803333
year_High | NDVI_8_Low,GPP_5_MediumImpact,0.126,0.6774193548387097,2.004199274670739,1.6292200555387943
NDVI_8_Low,GPP_5_MediumImpact,0.126,0.6774193548387097,2.004199274670739,1.6292200555387943
GPP_8_Low,TMIN_season_std_MediumImpact | NDVI_season_std_MediumImpact,0.072,0.6792452830188679,1.9977802441731407,1.6283793688354655
NDVI_8_High,NDVI_season_max_PositiveImpact,0.336,0.7272727272727273,1.8648018648018647,1.6274634456452637
year_High | NDVI_8_High,NDVI_season_max_PositiveImpact,0.336,0.7272727272727273,1.8648018648018647,1.6274634456452637
NDVI_7_Low,GPP_7_MediumImpact | GPP_5_MediumImpact,0.11,0.4824561403508772,2.804977560179519,1.6239343769460373
X_High | NDVI_8_High,NDVI_season_max_HighPositiveImpact,0.088,0.41904761904761906,3.2234432234432235,1.620931449502878
NDVI_season_max_Low,GPP_7_MediumImpact | wilting_point_MediumImpact,0.072,0.40909090909090906,3.2991202346041053,1.6195681151692878
X_High | NDVI_8_High,GPP_9_PositiveImpact,0.172,0.819047619047619,1.6446739338305603,1.616479523536322
NDVI_8_Low,NDVI_season_std_MediumImpact | GPP_5_MediumImpact,0.09,0.48387096774193544,2.7808676307007785,1.6146973339552904
NDVI_8_Low,PPT_season_mean_MediumImpact | NDVI_season_max_NegativeImpact,0.09,0.48387096774193544,2.7808676307007785,1.6146973339552904
NDVI_8_Low,GPP_7_MediumImpact | GPP_6_MediumImpact,0.092,0.4946236559139785,2.71771239513175,1.6130938087233613
NDVI_7_Low,GPP_7_MediumImpact | year_HighNegativeImpact,0.114,0.5,2.6881720430107525,1.6129032258064515
NDVI_season_max_Low | year_High,NDVI_season_std_MediumImpact,0.122,0.6931818181818182,1.9362620619603863,1.6106179879034124
NDVI_season_max_Low,NDVI_season_std_MediumImpact,0.122,0.6931818181818182,1.9362620619603863,1.6106179879034124
NDVI_7_Low,TMIN_season_std_MediumImpact | NDVI_season_mean_MediumImpact,0.132,0.5789473684210527,2.3157894736842106,1.608864265927978
NDVI_season_max_Low | NDVI_8_Low,GPP_7_MediumImpact,0.096,0.6233766233766234,2.149574563367667,1.6079934396100988
organic_matter_Low | NDVI_8_Medium,wilting_point_NegativeImpact,0.084,0.7636363636363637,1.7514595496246874,1.6049738418378954
organic_matter_Low | NDVI_season_max_Medium,wilting_point_NegativeImpact,0.07,0.7608695652173914,1.7451136816912647,1.5933646658920242
NDVI_season_max_Low,GPP_7_MediumImpact | NDVI_season_std_MediumImpact,0.08,0.4545454545454546,2.913752913752914,1.589319771137953
NDVI_season_max_Low,NDVI_season_mean_MediumImpact | EVI_season_std_MediumImpact,0.084,0.47727272727272735,2.7748414376321358,1.589227368825678
NDVI_season_max_Low,TMIN_season_std_MediumImpact | NDVI_season_std_MediumImpact,0.118,0.6704545454545454,1.9719251336898393,1.5865034030140979
organic_matter_Medium | X_Low,VPDMIN_3_PositiveImpact,0.08,0.7843137254901962,1.6830766641420518,1.584072154486637
organic_matter_Low | NDVI_7_Medium,Y_PositiveImpact,0.076,0.6229508196721312,2.1188803390208544,1.5839498927762452
NDVI_7_Low,TMIN_season_std_MediumImpact | field_capacity_NegativeImpact,0.104,0.45614035087719296,2.886964246058183,1.5802330610002686
NDVI_8_Low,NDVI_season_mean_MediumImpact | TMIN_9_MediumImpact,0.082,0.44086021505376344,2.978785236849753,1.575873480139869
NDVI_7_Low,GPP_6_MediumImpact | field_capacity_NegativeImpact,0.092,0.40350877192982454,3.254102999434069,1.5756709260417596
year_High | GPP_8_Medium,GPP_9_MediumImpact,0.116,0.6105263157894737,2.149740548554485,1.574967812414654
GPP_8_Medium,GPP_9_MediumImpact,0.116,0.6105263157894737,2.149740548554485,1.574967812414654
organic_matter_High | NDVI_8_Medium,Y_NegativeImpact,0.072,0.48,2.7272727272727275,1.5709090909090908
NDVI_7_Low,organic_matter_NegativeImpact | GPP_6_MediumImpact,0.11,0.4824561403508772,2.710427754780209,1.569195015925384
NDVI_season_max_Low,wilting_point_MediumImpact | GPP_5_MediumImpact,0.082,0.46590909090909094,2.8066812705366924,1.5691899830727871
NDVI_7_Low,GPP_6_MediumImpact | TMIN_9_MediumImpact,0.108,0.47368421052631576,2.7539779681762546,1.5654190555949234
GPP_8_High | organic_matter_Medium,NDVI_9_PositiveImpact,0.162,0.7168141592920354,1.8193252773909527,1.5649417430300938
NDVI_8_High,TMIN_season_std_MediumImpact | NDVI_season_max_PositiveImpact,0.32,0.6926406926406926,1.8821757952192735,1.5644058557666687
NDVI_7_Low,EVI_season_max_NegativeImpact | EVI_season_std_MediumImpact,0.096,0.42105263157894735,3.095975232198142,1.5642822225843245
NDVI_7_Low,GPP_6_MediumImpact | GPP_5_MediumImpact,0.104,0.45614035087719296,2.850877192982456,1.5604801477377652
NDVI_8_Low,GPP_7_MediumImpact,0.114,0.6129032258064516,2.113459399332592,1.5544153001542935
year_High | NDVI_8_Low,GPP_7_MediumImpact,0.114,0.6129032258064516,2.113459399332592,1.5544153001542935
NDVI_7_Low | X_Low,VPDMIN_11_NegativeImpact,0.076,0.6129032258064516,2.113459399332592,1.5544153001542935
organic_matter_Medium | NDVI_7_High,NDVI_season_max_PositiveImpact,0.108,0.7105263157894737,1.8218623481781375,1.5533773705518856
NDVI_8_Low,wilting_point_MediumImpact | GPP_6_MediumImpact,0.078,0.41935483870967744,3.0834914611005693,1.5516924771989962
organic_matter_Low | X_Low,NDVI_season_mean_MediumImpact,0.068,0.5862068965517242,2.203785325382422,1.5502489875103933
GPP_8_High | NDVI_7_High,GPP_6_HighPositiveImpact,0.218,0.5561224489795918,2.3171768707482996,1.5463608912952937
NDVI_8_Low,TMIN_season_std_MediumImpact | NDVI_10_NegativeImpact,0.086,0.46236559139784944,2.785334887938852,1.5454116152434918
NDVI_7_Low | NDVI_8_Low,VPDMIN_11_NegativeImpact,0.088,0.6111111111111112,2.1072796934865905,1.5453384418901666
NDVI_7_Low | year_High,EVI_8_NegativeImpact,0.094,0.41228070175438597,3.123338649654439,1.545230700355354
NDVI_7_Low,EVI_8_NegativeImpact,0.094,0.41228070175438597,3.123338649654439,1.545230700355354
NDVI_7_Low,field_capacity_NegativeImpact,0.104,0.45614035087719296,2.815681178254277,1.541214960728657
NDVI_7_Low | year_High,field_capacity_NegativeImpact,0.104,0.45614035087719296,2.815681178254277,1.541214960728657
GPP_8_High | X_Low,EVI_8_MediumImpact,0.116,0.8169014084507044,1.5709642470205853,1.5399874872201795
year_High | NDVI_8_Low,NDVI_season_std_MediumImpact,0.126,0.6774193548387097,1.8922328347449993,1.5382021753410964
NDVI_8_Low,NDVI_season_std_MediumImpact,0.126,0.6774193548387097,1.8922328347449993,1.5382021753410964
NDVI_season_max_Low,organic_matter_NegativeImpact | GPP_6_MediumImpact,0.084,0.47727272727272735,2.681307456588356,1.5356579069551495
NDVI_8_Low,VPDMIN_8_MediumImpact | NDVI_season_max_NegativeImpact,0.082,0.44086021505376344,2.9003961516694963,1.5344031253993464
organic_matter_High | NDVI_season_max_Medium,NDVI_8_MediumImpact,0.104,0.7222222222222222,1.7701525054466232,1.5341321713870733
GPP_8_Medium,TMIN_season_std_MediumImpact | GPP_9_MediumImpact,0.114,0.6,2.127659574468085,1.531914893617021
NDVI_7_Low | X_Low,TMIN_9_MediumImpact,0.086,0.6935483870967741,1.8347840928486088,1.5270138579191646
NDVI_season_max_High | NDVI_8_High,NDVI_7_PositiveImpact,0.332,0.7649769585253456,1.6629933880985774,1.5265819488904915
NDVI_7_Low,EVI_8_NegativeImpact | TMIN_season_std_MediumImpact,0.092,0.40350877192982454,3.1524122807017543,1.5264312096029544
GPP_8_High | NDVI_8_High,NDVI_7_PositiveImpact,0.338,0.7647058823529412,1.6624040920716112,1.5255002256657137
NDVI_season_max_High | X_Medium,GPP_6_HighPositiveImpact,0.106,0.5520833333333333,2.300347222222222,1.5239800347222217
X_High | organic_matter_High,pH_NegativeImpact,0.084,0.6666666666666667,1.904761904761905,1.5238095238095242
NDVI_7_Low,VPDMIN_8_MediumImpact | EVI_season_max_NegativeImpact,0.094,0.41228070175438597,3.0767216548834773,1.522167555573931
organic_matter_Medium | NDVI_8_Medium,EVI_season_std_MediumImpact,0.076,0.8260869565217391,1.535477614352675,1.5221256350974341
organic_matter_High | NDVI_season_max_Medium,Y_NegativeImpact,0.068,0.47222222222222227,2.6830808080808084,1.5204124579124583
NDVI_7_Low | NDVI_8_Low,NDVI_10_NegativeImpact,0.068,0.47222222222222227,2.6830808080808084,1.5204124579124583
NDVI_7_Low,GPP_season_std_MediumImpact | GPP_5_MediumImpact,0.096,0.42105263157894735,3.0075187969924806,1.5195884447962005
NDVI_season_max_Low,TMEAN_10_MediumImpact | NDVI_season_mean_MediumImpact,0.084,0.47727272727272735,2.651515151515152,1.5185950413223146
NDVI_season_max_High | NDVI_7_Medium,GPP_5_NegativeImpact,0.078,0.7222222222222222,1.7444981213097155,1.5118983718017536
organic_matter_Low | X_Low,TMIN_9_MediumImpact,0.08,0.689655172413793,1.8244845831052725,1.509918275673329
NDVI_7_Low,NDVI_season_std_MediumImpact | GPP_6_MediumImpact,0.106,0.46491228070175433,2.7029783761729904,1.5079774098649312
NDVI_season_max_Low | X_Low,year_HighNegativeImpact,0.094,0.681159420289855,1.8409714061887974,1.5047940189717124
X_High | NDVI_7_High,GPP_9_PositiveImpact,0.128,0.7901234567901234,1.5865932867271555,1.5043254866746363
NDVI_7_Low,year_HighNegativeImpact | GPP_5_MediumImpact,0.104,0.45614035087719296,2.7478334390192347,1.504077250831581
NDVI_season_max_High | organic_matter_High,NDVI_7_PositiveImpact,0.126,0.7590361445783133,1.650078575170246,1.5029631359381999
NDVI_8_High | NDVI_7_High,Y_MediumImpact,0.274,0.778409090909091,1.6082832456799403,1.5022827590328536
NDVI_8_Low,TMEAN_10_MediumImpact | GPP_6_MediumImpact,0.092,0.4946236559139785,2.5235900811937677,1.497872822385978
NDVI_7_High,VPDMIN_season_std_MediumImpact | EVI_season_max_PositiveImpact,0.306,0.7427184466019418,1.6803584764749813,1.4976398848582844
organic_matter_Medium | NDVI_7_High,Y_MediumImpact,0.118,0.7763157894736842,1.6039582427142236,1.4942137313706187
organic_matter_High | NDVI_7_High,NDVI_season_mean_NegativeImpact,0.11,0.6962025316455697,1.7851346965271015,1.4913783540606165
NDVI_7_Low | NDVI_8_Low,NDVI_season_std_MediumImpact,0.096,0.6666666666666667,1.8621973929236502,1.4897579143389201
NDVI_7_Low,year_HighNegativeImpact | GPP_6_MediumImpact,0.102,0.4473684210526315,2.761533463287849,1.4825074381861083
NDVI_8_Low,TMIN_season_std_MediumImpact | GPP_5_MediumImpact,0.118,0.6344086021505376,1.9460386569034895,1.4815003968684628
X_Medium | organic_matter_High,GPP_6_HighPositiveImpact,0.074,0.5441176470588235,2.267156862745098,1.480320069204152
NDVI_8_High,NDVI_7_PositiveImpact,0.348,0.7532467532467532,1.6374929418407678,1.4801234902872393
year_High | NDVI_8_High,NDVI_7_PositiveImpact,0.348,0.7532467532467532,1.6374929418407678,1.4801234902872393
NDVI_8_Low,year_HighNegativeImpact | NDVI_season_std_MediumImpact,0.08,0.43010752688172044,2.867383512544803,1.479939877442479
NDVI_7_Low,GPP_7_MediumImpact | GPP_season_std_MediumImpact,0.1,0.4385964912280702,2.8115159694107064,1.4797452470582664
NDVI_7_Low,organic_matter_NegativeImpact | NDVI_season_mean_MediumImpact,0.098,0.4298245614035088,2.865497076023392,1.4779932286857496
year_High | NDVI_7_High,GPP_6_HighPositiveImpact,0.224,0.5436893203883496,2.2653721682847903,1.4779903855217276
NDVI_7_High,GPP_6_HighPositiveImpact,0.224,0.5436893203883496,2.2653721682847903,1.4779903855217276
NDVI_7_Low,GPP_7_MediumImpact | Y_PositiveImpact,0.096,0.42105263157894735,2.9239766081871346,1.477377654662973
organic_matter_High | NDVI_8_High,NDVI_season_std_NegativeImpact,0.1,0.5952380952380952,2.066798941798942,1.4762849584278155
NDVI_season_max_Low,PPT_season_mean_MediumImpact | NDVI_season_mean_MediumImpact,0.08,0.4545454545454546,2.705627705627706,1.4757969303423852
NDVI_season_max_Low | NDVI_7_Low,VPDMIN_11_NegativeImpact,0.08,0.5970149253731343,2.058672156459084,1.4748696046274032
NDVI_7_High,GPP_6_HighPositiveImpact | TMIN_season_std_MediumImpact,0.22,0.5339805825242718,2.3016404419149645,1.4748375647222103
NDVI_7_Medium | NDVI_8_High,NDVI_season_max_PositiveImpact,0.072,0.6923076923076923,1.7751479289940828,1.474738279472007
NDVI_7_Medium | X_Low,NDVI_season_mean_NegativeImpact,0.072,0.6923076923076923,1.7751479289940828,1.474738279472007
X_Medium | organic_matter_High,NDVI_season_max_PositiveImpact,0.094,0.6911764705882353,1.7722473604826545,1.4699228107532603
organic_matter_High | NDVI_8_High,NDVI_season_mean_NegativeImpact,0.116,0.6904761904761905,1.7704517704517704,1.4669457526600382
NDVI_7_Low | X_Low,NDVI_season_std_MediumImpact,0.082,0.6612903225806452,1.8471796720129756,1.4658264494038453
NDVI_8_Low | X_Low,year_HighNegativeImpact,0.09,0.6716417910447761,1.8152480839048002,1.4630357691173015
organic_matter_Low | X_Low,GPP_6_MediumImpact,0.072,0.6206896551724137,1.9642077695329547,1.4629961317900626
GPP_8_Low,GPP_5_MediumImpact,0.068,0.6415094339622642,1.8979569052137995,1.4610687119381702
year_High | GPP_8_Low,GPP_5_MediumImpact,0.068,0.6415094339622642,1.8979569052137995,1.4610687119381702
NDVI_7_Low,GPP_7_MediumImpact | TMIN_9_MediumImpact,0.1,0.4385964912280702,2.77592715967133,1.4610142945638582
NDVI_season_max_Low,year_HighNegativeImpact | TMIN_9_MediumImpact,0.08,0.4545454545454546,2.6737967914438503,1.4584346135148274
NDVI_season_max_Low | X_Low,wilting_point_MediumImpact,0.09,0.6521739130434782,1.8633540372670805,1.4582770726438017
NDVI_8_Low,GPP_6_MediumImpact | GPP_5_MediumImpact,0.082,0.44086021505376344,2.7553763440860215,1.457682969129379
NDVI_7_Low,GPP_5_MediumImpact,0.146,0.6403508771929824,1.894529222464445,1.4557961393674155
NDVI_7_Low | year_High,GPP_5_MediumImpact,0.146,0.6403508771929824,1.894529222464445,1.4557961393674155
organic_matter_Low | NDVI_8_High,b_density_MediumImpact,0.09,0.7894736842105262,1.5359410198648369,1.4551020188193189
NDVI_8_High,NDVI_7_PositiveImpact | field_capacity_MediumImpact,0.32,0.6926406926406926,1.749092658183567,1.4537913003084193
NDVI_7_Medium | organic_matter_High,VPDMIN_11_PositiveImpact,0.09,0.6818181818181818,1.7755681818181817,1.4527376033057848
X_High | NDVI_7_High,Y_MediumImpact,0.124,0.7654320987654321,1.5814712784409755,1.4526106557531921
NDVI_7_Low,GPP_7_MediumImpact | EVI_season_std_MediumImpact,0.116,0.5087719298245614,2.3774389244138385,1.4514890275368697
NDVI_season_max_High | organic_matter_High,NDVI_season_mean_NegativeImpact,0.114,0.6867469879518072,1.7608897126969416,1.4511428475719372
NDVI_8_High,NDVI_season_max_PositiveImpact | EVI_season_max_PositiveImpact,0.302,0.6536796536796536,1.8465526940103212,1.4484647106262778
NDVI_season_max_High | X_High,GPP_9_PositiveImpact,0.172,0.7747747747747747,1.5557726401099894,1.4464480762103684
NDVI_season_max_Low | NDVI_8_Low,field_capacity_NegativeImpact,0.068,0.4415584415584416,2.725669392336059,1.4442507949001457
NDVI_8_Low,GPP_7_MediumImpact | year_HighNegativeImpact,0.088,0.47311827956989244,2.5436466643542603,1.44413488040758
NDVI_season_max_Low,GPP_6_MediumImpact | TMIN_9_MediumImpact,0.08,0.4545454545454546,2.6427061310782247,1.4414760714972135
NDVI_7_High,VPDMIN_season_std_MediumImpact | field_capacity_MediumImpact,0.298,0.7233009708737864,1.65894718090318,1.4399017278907211
NDVI_7_Low,NDVI_season_mean_MediumImpact | TMIN_9_MediumImpact,0.096,0.42105263157894735,2.844950213371266,1.437448528861271
organic_matter_Low | NDVI_season_max_High,b_density_MediumImpact,0.102,0.7846153846153845,1.526489075127207,1.4372481753505395
NDVI_8_High,TMIN_season_std_MediumImpact | NDVI_7_PositiveImpact,0.336,0.7272727272727273,1.6454134101192925,1.4359971579222917
organic_matter_Low | NDVI_7_Medium,GPP_season_std_MediumImpact,0.078,0.639344262295082,1.8694276675294794,1.434249423612781
NDVI_8_Low,GPP_7_MediumImpact | TMIN_season_std_MediumImpact,0.106,0.5698924731182795,2.0951929158760274,1.4328416069861865
NDVI_season_max_Low | NDVI_7_Low,TMIN_9_MediumImpact,0.09,0.6716417910447761,1.77683013503909,1.4320720491359828
NDVI_8_Low,GPP_season_std_MediumImpact | NDVI_season_mean_MediumImpact,0.076,0.4086021505376344,2.918586789554531,1.4310490064912538
NDVI_7_Low,TMIN_season_std_MediumImpact | GPP_5_MediumImpact,0.142,0.6228070175438596,1.910450974060919,1.4278107279823709
NDVI_season_max_High | X_Medium,NDVI_7_PositiveImpact,0.142,0.7395833333333333,1.6077898550724636,1.4269134963768113
NDVI_7_Medium | GPP_8_Medium,wilting_point_NegativeImpact,0.072,0.7199999999999999,1.6513761467889905,1.4267889908256877
NDVI_7_Medium | NDVI_8_High,GPP_9_PositiveImpact,0.08,0.7692307692307693,1.5446400988569664,1.4258216297141229
NDVI_7_Medium | X_Low,EVI_4_NegativeImpact,0.076,0.7307692307692308,1.623931623931624,1.4240631163708088
NDVI_8_Low,GPP_7_MediumImpact | GPP_5_MediumImpact,0.084,0.4516129032258065,2.6256564141035263,1.4229363792561047
NDVI_8_Low,NDVI_season_mean_MediumImpact | EVI_season_std_MediumImpact,0.084,0.4516129032258065,2.6256564141035263,1.4229363792561047
NDVI_season_max_Low | NDVI_8_Low,year_HighNegativeImpact,0.102,0.6623376623376623,1.7901017901017902,1.422782202002981
organic_matter_Low | X_Low,VPDMIN_11_NegativeImpact,0.068,0.5862068965517242,2.0214030915576697,1.4219525195784988
NDVI_7_Low,GPP_7_MediumImpact | NDVI_season_std_MediumImpact,0.098,0.4298245614035088,2.755285650022492,1.421147335274759
NDVI_8_Low,TMIN_season_std_MediumImpact | NDVI_season_std_MediumImpact,0.118,0.6344086021505376,1.865907653383934,1.4204974393503496
NDVI_season_max_High | GPP_8_High,NDVI_7_PositiveImpact,0.332,0.7377777777777778,1.6038647342995167,1.419954911433172
GPP_8_Medium,PPT_season_mean_MediumImpact | GPP_9_MediumImpact,0.096,0.5052631578947369,2.339181286549708,1.4182825484764545
GPP_8_Medium,GPP_9_MediumImpact | EVI_9_MediumImpact,0.08,0.42105263157894735,2.807017543859649,1.418282548476454
NDVI_8_High | organic_matter_Medium,Y_MediumImpact,0.136,0.7555555555555556,1.561065197428834,1.415365779002143
NDVI_season_max_Low | NDVI_7_Low,organic_matter_NegativeImpact,0.088,0.6567164179104477,1.794307152760786,1.4140211591905891
NDVI_7_Medium | X_High,wilting_point_NegativeImpact,0.086,0.7166666666666667,1.643730886850153,1.4136085626911314
NDVI_7_High,GPP_6_HighPositiveImpact | field_capacity_MediumImpact,0.214,0.5194174757281553,2.2583368509919794,1.4076235517833502
NDVI_7_Low,Y_PositiveImpact | EVI_season_std_MediumImpact,0.112,0.49122807017543857,2.3846022824050417,1.40566029278613
organic_matter_Medium | NDVI_season_max_Medium,saturated_hc_NegativeImpact,0.072,0.6666666666666666,1.7543859649122806,1.4035087719298245
NDVI_7_Low,NDVI_season_std_MediumImpact | NDVI_season_mean_MediumImpact,0.098,0.4298245614035088,2.7204086164779038,1.4031581284991292
X_High | NDVI_7_High,VPDMIN_11_MediumImpact,0.094,0.5802469135802469,2.0147462277091908,1.4028603363308438
NDVI_season_max_Low,GPP_7_MediumImpact | year_HighNegativeImpact,0.082,0.46590909090909094,2.504887585532747,1.4004598773660357
NDVI_8_Low,VPDMIN_8_MediumImpact | GPP_6_MediumImpact,0.092,0.4946236559139785,2.355350742447517,1.3980146342269133
NDVI_season_max_Low,TMEAN_10_MediumImpact | GPP_6_MediumImpact,0.084,0.47727272727272735,2.4350649350649354,1.3946280991735542
NDVI_season_max_High | organic_matter_Medium,Y_MediumImpact,0.138,0.7500000000000001,1.5495867768595044,1.3946280991735542
NDVI_8_High,NDVI_7_PositiveImpact | EVI_season_max_PositiveImpact,0.318,0.6883116883116883,1.6870384517443342,1.3934499419602553
NDVI_7_Low,GPP_season_std_MediumImpact | GPP_6_MediumImpact,0.1,0.4385964912280702,2.642147537518495,1.3906039671149977
X_High | NDVI_7_High,NDVI_season_mean_HighPositiveImpact,0.076,0.4691358024691358,2.4691358024691357,1.3900320073159578
NDVI_7_Medium | NDVI_8_High,GPP_5_NegativeImpact,0.072,0.6923076923076923,1.6722408026755853,1.389246205299717
NDVI_season_max_High | NDVI_7_Medium,VPDMIN_11_PositiveImpact,0.072,0.6666666666666666,1.736111111111111,1.3888888888888886
NDVI_8_High,NDVI_season_max_PositiveImpact | field_capacity_MediumImpact,0.28,0.6060606060606061,1.905850962454736,1.3860734272398079
NDVI_season_max_High | NDVI_7_High,Y_MediumImpact,0.266,0.7471910112359551,1.543783081066023,1.3842010097648163
X_Medium | organic_matter_High,TMEAN_11_MediumImpact,0.096,0.7058823529411764,1.6339869281045751,1.3840830449826986
X_Low,TMIN_9_MediumImpact,0.198,0.66,1.746031746031746,1.382857142857143
year_High | X_Low,TMIN_9_MediumImpact,0.198,0.66,1.746031746031746,1.382857142857143
organic_matter_Low | GPP_8_High,TMEAN_11_HighPositiveImpact,0.092,0.48936170212765956,2.3527004909983633,1.3815858202458473
NDVI_7_Medium | NDVI_8_High,NDVI_9_PositiveImpact,0.07,0.6730769230769231,1.7083170636470129,1.3797945514072028
NDVI_8_High,NDVI_7_PositiveImpact | NDVI_season_max_PositiveImpact,0.258,0.5584415584415584,2.0530939648586704,1.3758395920351607
NDVI_8_Low,organic_matter_NegativeImpact | GPP_6_MediumImpact,0.084,0.4516129032258065,2.537151141718014,1.3749722316407302
organic_matter_High | NDVI_season_max_Medium,saturated_hc_PositiveImpact,0.08,0.5555555555555556,2.05761316872428,1.3717421124828533
organic_matter_Low | NDVI_8_High,GPP_9_PositiveImpact,0.086,0.7543859649122806,1.5148312548439369,1.3713209254376688
X_High | organic_matter_Medium,GPP_9_PositiveImpact,0.086,0.7543859649122806,1.5148312548439369,1.3713209254376688
NDVI_8_Low,year_HighNegativeImpact | VPDMIN_11_NegativeImpact,0.08,0.43010752688172044,2.6549847338377806,1.3703147013356285
NDVI_season_max_Low,NDVI_season_std_MediumImpact | TMIN_9_MediumImpact,0.078,0.44318181818181823,2.576638477801269,1.3703031904670389
NDVI_8_Low | X_Low,TMIN_9_MediumImpact,0.088,0.6567164179104477,1.7373450209271102,1.3691315985813641
NDVI_season_max_Low,GPP_7_MediumImpact | TMIN_season_std_MediumImpact,0.098,0.5568181818181819,2.047125668449198,1.367852151191055
NDVI_7_Medium | organic_matter_High,NDVI_8_MediumImpact,0.09,0.6818181818181818,1.6711229946524064,1.3672824501701506
X_Low,GPP_5_MediumImpact,0.186,0.62,1.8343195266272188,1.3647337278106508
year_High | X_Low,GPP_5_MediumImpact,0.186,0.62,1.8343195266272188,1.3647337278106508
NDVI_7_Low | X_Low,organic_matter_NegativeImpact,0.08,0.6451612903225806,1.7627357659086902,1.3646986574776956
NDVI_season_max_Low,VPDMIN_8_MediumImpact | GPP_6_MediumImpact,0.086,0.48863636363636365,2.326839826839827,1.364374262101535
NDVI_8_High | organic_matter_Medium,NDVI_7_PositiveImpact,0.13,0.7222222222222223,1.570048309178744,1.3607085346215781
NDVI_season_max_Low,year_HighNegativeImpact,0.114,0.6477272727272728,1.7506142506142508,1.3607047129774406
X_Medium | NDVI_8_High,NDVI_season_std_NegativeImpact,0.104,0.5714285714285714,1.9841269841269842,1.3605442176870748
NDVI_8_Low,TMEAN_10_MediumImpact | NDVI_season_mean_MediumImpact,0.084,0.4516129032258065,2.5089605734767026,1.3596947624002775
X_Medium | NDVI_8_Medium,NDVI_7_MediumImpact,0.08,0.6349206349206349,1.7834849295523452,1.3588456606113104
NDVI_season_max_Low,organic_matter_NegativeImpact | GPP_5_MediumImpact,0.078,0.44318181818181823,2.547021943573668,1.3545525790823598
NDVI_8_High | organic_matter_Medium,NDVI_9_PositiveImpact,0.12,0.6666666666666666,1.692047377326565,1.3536379018612517
X_High | organic_matter_Medium,NDVI_9_PositiveImpact,0.076,0.6666666666666666,1.692047377326565,1.3536379018612517
GPP_8_High | NDVI_7_High,NDVI_season_max_PositiveImpact,0.26,0.6632653061224489,1.7006802721088434,1.353602665556018
GPP_8_Medium | NDVI_8_Medium,NDVI_10_MediumImpact,0.072,0.7199999999999999,1.5652173913043474,1.352347826086956
NDVI_season_max_Low | NDVI_8_Low,VPDMIN_11_NegativeImpact,0.088,0.5714285714285714,1.9704433497536946,1.351161154116819
NDVI_season_max_Low | X_Low,TMIN_9_MediumImpact,0.09,0.6521739130434782,1.7253278122843339,1.350256548744261
NDVI_season_max_Low,TMIN_season_std_MediumImpact | year_HighNegativeImpact,0.112,0.6363636363636365,1.767676767676768,1.3498622589531684
organic_matter_Low | NDVI_8_High,NDVI_7_PositiveImpact,0.082,0.7192982456140351,1.5636918382913807,1.3497129551567706
GPP_8_High | X_High,GPP_9_PositiveImpact,0.232,0.7483870967741936,1.502785334887939,1.3495981846219425
NDVI_7_High,GPP_6_HighPositiveImpact | EVI_season_max_PositiveImpact,0.204,0.49514563106796117,2.2713102342567026,1.3495552071505845
GPP_8_Medium | NDVI_8_Medium,wilting_point_NegativeImpact,0.07,0.7000000000000001,1.6055045871559634,1.3486238532110095
organic_matter_High | NDVI_7_High,EVI_season_std_PositiveImpact,0.076,0.4810126582278481,2.3350129040186802,1.347804916750023
NDVI_8_Low | X_Low,wilting_point_MediumImpact,0.084,0.6268656716417911,1.7910447761194033,1.3472933838271333
NDVI_7_High,NDVI_season_max_PositiveImpact | field_capacity_MediumImpact,0.246,0.5970873786407768,1.8776332661659647,1.3453333499325069
NDVI_season_max_Low,TMIN_9_MediumImpact | GPP_5_MediumImpact,0.082,0.46590909090909094,2.401593252108716,1.342708954588055
NDVI_season_max_High | X_High,saturated_hc_MediumImpact,0.126,0.5675675675675675,1.9707207207207207,1.3422205989773557
year_High | NDVI_7_High,NDVI_season_max_PositiveImpact,0.272,0.6601941747572816,1.692805576300722,1.3410964565644556
NDVI_7_High,NDVI_season_max_PositiveImpact,0.272,0.6601941747572816,1.692805576300722,1.3410964565644556
NDVI_season_max_Low,organic_matter_NegativeImpact | VPDMIN_11_NegativeImpact,0.078,0.44318181818181823,2.5180785123966944,1.339159936138242
NDVI_season_max_High | organic_matter_Medium,NDVI_9_PositiveImpact,0.122,0.6630434782608695,1.6828514676671815,1.3389644286221485
NDVI_7_High,Y_MediumImpact | field_capacity_MediumImpact,0.28,0.679611650485437,1.6415740349889785,1.3387594071754778
X_Low | NDVI_season_max_Medium,EVI_4_NegativeImpact,0.068,0.7083333333333334,1.5740740740740742,1.3379629629629632
X_Low | NDVI_8_Medium,EVI_4_NegativeImpact,0.068,0.7083333333333334,1.5740740740740742,1.3379629629629632
NDVI_season_max_Low | year_High,GPP_7_MediumImpact,0.1,0.5681818181818182,1.9592476489028217,1.3358506697064694
NDVI_season_max_Low,GPP_7_MediumImpact,0.1,0.5681818181818182,1.9592476489028217,1.3358506697064694
organic_matter_High | NDVI_7_High,NDVI_8_PositiveImpact,0.094,0.5949367088607594,1.8708701536501868,1.3356591983021586
NDVI_7_Low,Y_PositiveImpact | GPP_6_MediumImpact,0.098,0.4298245614035088,2.589304586768125,1.3355360500172435
NDVI_8_High,VPDMIN_season_std_MediumImpact | EVI_season_max_PositiveImpact,0.324,0.7012987012987013,1.5866486454721749,1.3352575613843758
X_Medium | GPP_8_High,NDVI_season_max_PositiveImpact,0.166,0.6587301587301587,1.689051689051689,1.335155144678954
NDVI_season_max_High | X_High,NDVI_season_mean_HighPositiveImpact,0.102,0.45945945945945943,2.4182076813655757,1.333282072969128
NDVI_season_max_Low | X_Low,organic_matter_NegativeImpact,0.088,0.6376811594202898,1.7422982497822126,1.3332369215724755
NDVI_season_max_Low | year_High,TMIN_9_MediumImpact,0.114,0.6477272727272728,1.7135642135642137,1.3319067296340026
NDVI_season_max_Low,TMIN_9_MediumImpact,0.114,0.6477272727272728,1.7135642135642137,1.3319067296340026
organic_matter_Low,TMIN_season_std_MediumImpact | wilting_point_NegativeImpact,0.21,0.6907894736842105,1.6064871481028151,1.3316932938220705
NDVI_8_Low | X_Low,VPDMIN_11_NegativeImpact,0.076,0.5671641791044776,1.9557385486361298,1.3310698181762315
GPP_8_Medium | NDVI_8_Medium,NDVI_9_MediumImpact,0.07,0.7000000000000001,1.5837104072398192,1.3303167420814483
NDVI_7_Low,year_HighNegativeImpact,0.146,0.6403508771929824,1.7306780464675202,1.3298894462329365
GPP_8_High | NDVI_season_max_Medium,NDVI_8_MediumImpact,0.156,0.6724137931034483,1.6480730223123734,1.3298244386934321
NDVI_season_max_Low | NDVI_8_Low,organic_matter_NegativeImpact,0.098,0.6363636363636364,1.7386984600099353,1.3277333694621323
NDVI_7_Low,Y_PositiveImpact,0.13,0.5701754385964912,1.93937224012412,1.3269389011375556
NDVI_7_Low | year_High,Y_PositiveImpact,0.13,0.5701754385964912,1.93937224012412,1.3269389011375556
NDVI_7_Low,GPP_7_MediumImpact | organic_matter_NegativeImpact,0.1,0.4385964912280702,2.5206694898164956,1.3266681525349977
NDVI_season_max_High,NDVI_7_PositiveImpact,0.342,0.7125000000000001,1.5489130434782612,1.3243206521739137
NDVI_season_max_High | year_High,NDVI_7_PositiveImpact,0.342,0.7125000000000001,1.5489130434782612,1.3243206521739137
X_Medium | NDVI_8_Medium,NDVI_9_MediumImpact,0.088,0.6984126984126984,1.5801192271780506,1.324290399920652
NDVI_season_max_Low,TMIN_season_std_MediumImpact | TMIN_9_MediumImpact,0.11,0.625,1.765536723163842,1.3241525423728813
NDVI_season_max_Low | X_Low,VPDMIN_11_NegativeImpact,0.078,0.5652173913043478,1.9490254872563717,1.321947721791278
GPP_8_Medium,NDVI_9_MediumImpact | NDVI_7_MediumImpact,0.086,0.4526315789473684,2.43350311262026,1.3217764274863726
NDVI_8_Low,PPT_season_mean_MediumImpact | NDVI_season_mean_MediumImpact,0.08,0.43010752688172044,2.560163850486431,1.3213748905736418
GPP_8_High | organic_matter_High,NDVI_season_mean_NegativeImpact,0.19,0.6551724137931035,1.679929266136163,1.3207719747553281
GPP_8_Medium,VPDMIN_8_MediumImpact | GPP_9_MediumImpact,0.09,0.47368421052631576,2.321981424148607,1.319863125305524
NDVI_7_High,TMIN_season_std_MediumImpact | NDVI_season_max_PositiveImpact,0.262,0.6359223300970874,1.7280498100464332,1.3186865540742685
NDVI_7_High,GPP_6_HighPositiveImpact | VPDMIN_season_std_MediumImpact,0.196,0.4757281553398059,2.3093599773776985,1.318353074464162
year_High | NDVI_season_max_Medium,NDVI_8_MediumImpact,0.23,0.6686046511627908,1.6387368901048796,1.3148005281074036
NDVI_season_max_Medium,NDVI_8_MediumImpact,0.23,0.6686046511627908,1.6387368901048796,1.3148005281074036
organic_matter_Low,wilting_point_NegativeImpact,0.21,0.6907894736842105,1.584379526798648,1.3133672393199318
organic_matter_Low | year_High,wilting_point_NegativeImpact,0.21,0.6907894736842105,1.584379526798648,1.3133672393199318
organic_matter_High | NDVI_8_Medium,NDVI_season_max_MediumImpact,0.068,0.45333333333333337,2.411347517730497,1.3117730496453903
NDVI_8_High,NDVI_season_max_PositiveImpact | VPDMAX_4_MediumImpact,0.266,0.5757575757575758,1.893939393939394,1.3085399449035815
X_High | NDVI_7_High,TMEAN_1_MediumImpact,0.108,0.6666666666666666,1.6339869281045751,1.3071895424836601
NDVI_8_High | NDVI_7_High,field_capacity_MediumImpact,0.326,0.9261363636363638,1.4075020723956895,1.3035388511391899
NDVI_season_max_High | organic_matter_Medium,NDVI_7_PositiveImpact,0.13,0.7065217391304348,1.5359168241965973,1.302190350949289
GPP_8_High | NDVI_8_Medium,NDVI_season_max_MediumImpact,0.112,0.45161290322580644,2.40219629375429,1.3018354108087764
X_Medium | organic_matter_Medium,cec_PositiveImpact,0.088,0.6470588235294117,1.676318195672051,1.301611775463004
NDVI_season_max_Low,GPP_7_MediumImpact | GPP_5_MediumImpact,0.076,0.4318181818181818,2.5105708245243132,1.3009321545262351
NDVI_8_Low,PPT_season_mean_MediumImpact | GPP_6_MediumImpact,0.09,0.48387096774193544,2.240143369175627,1.3007284079084285
X_Low,TMIN_season_std_MediumImpact | GPP_5_MediumImpact,0.178,0.5933333333333334,1.820040899795501,1.2958691206543966
year_High | NDVI_8_Low,VPDMIN_11_NegativeImpact,0.104,0.5591397849462365,1.9280682239525397,1.2936715825229943
NDVI_8_Low,VPDMIN_11_NegativeImpact,0.104,0.5591397849462365,1.9280682239525397,1.2936715825229943
NDVI_season_max_Low,EVI_season_std_MediumImpact | GPP_5_MediumImpact,0.088,0.5,2.155172413793103,1.2931034482758619
NDVI_7_Low,TMIN_season_std_MediumImpact | year_HighNegativeImpact,0.142,0.6228070175438596,1.7300194931773878,1.2929619370062582
organic_matter_High | NDVI_7_High,VPDMIN_11_MediumImpact,0.088,0.5569620253164557,1.9338959212376934,1.2925279068525342
NDVI_8_High,PPT_season_mean_MediumImpact | NDVI_season_max_PositiveImpact,0.266,0.5757575757575758,1.8693427784336878,1.2915459196450934
organic_matter_Low | X_Low,NDVI_season_std_MediumImpact,0.072,0.6206896551724137,1.7337699865151222,1.2913597140940216
NDVI_8_Low,GPP_6_MediumImpact | TMIN_9_MediumImpact,0.08,0.43010752688172044,2.5006251562890727,1.2906452419556504
X_Medium | NDVI_8_High,TMEAN_11_MediumImpact,0.124,0.6813186813186813,1.5771265771265772,1.2894309597606302
NDVI_8_Low,TMIN_season_std_MediumImpact | VPDMIN_11_NegativeImpact,0.102,0.5483870967741935,1.9585253456221194,1.2888360338932656
NDVI_8_Low | X_Low,organic_matter_NegativeImpact,0.084,0.6268656716417911,1.7127477367262052,1.288395312402996
X_Medium | organic_matter_High,NDVI_season_mean_NegativeImpact,0.088,0.6470588235294117,1.659125188536953,1.288261911099281
NDVI_7_Low | X_Low,wilting_point_MediumImpact,0.076,0.6129032258064516,1.751152073732719,1.287944105842129
X_High | NDVI_7_High,organic_matter_MediumImpact,0.104,0.6419753086419753,1.6718106995884772,1.287913427831123
organic_matter_Low | X_Low,VPDMIN_3_PositiveImpact,0.082,0.7068965517241379,1.516945389965961,1.2867881583849188
organic_matter_Medium | NDVI_7_High,GPP_season_std_PositiveImpact,0.096,0.6315789473684211,1.6977928692699493,1.2867482798677512
organic_matter_Low | NDVI_8_High,EVI_season_max_PositiveImpact,0.106,0.9298245614035087,1.3836675020885545,1.2865680282577785
NDVI_7_Low,Y_PositiveImpact | TMIN_season_std_MediumImpact,0.124,0.543859649122807,1.9705059750826341,1.2860144258434034
NDVI_season_max_Low | NDVI_8_Low,TMIN_9_MediumImpact,0.098,0.6363636363636364,1.6835016835016834,1.285583103764922
NDVI_season_max_High | NDVI_8_High,GPP_6_HighPositiveImpact,0.22,0.5069124423963134,2.112135176651306,1.2848011212809787
NDVI_season_max_High | X_Medium,NDVI_8_PositiveImpact,0.112,0.5833333333333334,1.8343815513626835,1.2840670859538785
NDVI_season_max_Low | NDVI_7_Low,wilting_point_MediumImpact,0.082,0.6119402985074627,1.748400852878465,1.28390032778538
NDVI_season_max_High,VPDMIN_season_std_MediumImpact | EVI_season_max_PositiveImpact,0.33,0.6875000000000001,1.555429864253394,1.28322963800905
NDVI_season_max_High,TMIN_season_std_MediumImpact | NDVI_7_PositiveImpact,0.33,0.6875000000000001,1.555429864253394,1.28322963800905
X_Medium | organic_matter_High,cec_MediumImpact,0.09,0.6617647058823529,1.6140602582496413,1.2817537344923622
NDVI_8_High,NDVI_7_PositiveImpact | GPP_9_PositiveImpact,0.258,0.5584415584415584,1.9124710905532822,1.281604003539602
NDVI_7_Low,GPP_7_MediumImpact | TMAX_season_mean_MediumImpact,0.096,0.42105263157894735,2.536461636017755,1.2815806160931815
NDVI_8_High,NDVI_7_PositiveImpact | VPDMIN_season_std_MediumImpact,0.28,0.6060606060606061,1.761804087385483,1.2813120635530786
NDVI_season_max_High | NDVI_7_Medium,NDVI_9_PositiveImpact,0.07,0.6481481481481483,1.6450460612897162,1.2794802698920016
NDVI_7_Medium | GPP_8_Medium,NDVI_10_MediumImpact,0.07,0.7000000000000001,1.5217391304347827,1.2782608695652173
NDVI_season_max_High | NDVI_7_Medium,EVI_season_max_PositiveImpact,0.1,0.925925925925926,1.3778659611992947,1.275801815925273
X_Low,TMIN_season_std_MediumImpact | TMIN_9_MediumImpact,0.184,0.6133333333333334,1.7325800376647837,1.275178907721281
X_High | NDVI_8_High,saturated_hc_MediumImpact,0.116,0.5523809523809524,1.9179894179894184,1.2713529856387003
NDVI_season_max_Low,TMIN_season_std_MediumImpact | field_capacity_NegativeImpact,0.072,0.40909090909090906,2.589182968929804,1.271053457474631
NDVI_7_Medium | NDVI_season_max_Medium,NDVI_8_MediumImpact,0.138,0.6571428571428573,1.6106442577030815,1.2701080432172873
NDVI_7_Low,TMIN_season_std_MediumImpact | NDVI_season_max_NegativeImpact,0.112,0.49122807017543857,2.154509079716836,1.2700264048857137
NDVI_7_High,Y_MediumImpact | EVI_season_max_PositiveImpact,0.266,0.6456310679611651,1.638657532896358,1.2695618555837802
NDVI_7_High,NDVI_season_max_PositiveImpact | VPDMIN_season_std_MediumImpact,0.216,0.5242718446601942,2.0164301717699775,1.268589078938782
NDVI_8_Low,TMIN_season_std_MediumImpact | field_capacity_NegativeImpact,0.076,0.4086021505376344,2.5860895603647744,1.2680181070175667
NDVI_7_Medium | NDVI_8_High,EVI_season_max_PositiveImpact,0.096,0.9230769230769231,1.3736263736263736,1.267962806424345
organic_matter_Low | NDVI_season_max_High,EVI_season_max_PositiveImpact,0.12,0.923076923076923,1.3736263736263734,1.2679628064243447
NDVI_8_High,Y_MediumImpact | EVI_season_max_PositiveImpact,0.298,0.6450216450216449,1.6371107741666115,1.2671662615627277
NDVI_season_max_Low,GPP_6_MediumImpact | EVI_season_std_MediumImpact,0.084,0.47727272727272735,2.20959595959596,1.2654958677685952
X_High | NDVI_8_High,NDVI_season_mean_HighPositiveImpact,0.094,0.44761904761904764,2.355889724310777,1.2654493376297888
NDVI_season_max_High | NDVI_7_High,NDVI_8_PositiveImpact,0.206,0.5786516853932584,1.8196593880291145,1.2635387660696547
NDVI_8_High,PPT_season_mean_MediumImpact | NDVI_7_PositiveImpact,0.286,0.619047619047619,1.7006802721088434,1.2633624878522836
X_High | NDVI_8_Medium,GPP_season_std_MediumImpact,0.078,0.6,1.7543859649122806,1.263157894736842
NDVI_8_Low,year_HighNegativeImpact,0.116,0.6236559139784946,1.6855565242662016,1.261448753644383
X_High | NDVI_8_High,NDVI_7_PositiveImpact,0.146,0.6952380952380952,1.5113871635610765,1.2609287193138121
NDVI_7_Low,NDVI_season_max_NegativeImpact,0.114,0.5,2.100840336134454,1.2605042016806722
NDVI_7_Low | year_High,NDVI_season_max_NegativeImpact,0.114,0.5,2.100840336134454,1.2605042016806722
NDVI_season_max_High | organic_matter_High,EVI_4_NegativeImpact,0.114,0.6867469879518072,1.5261044176706826,1.2576571345623455
NDVI_season_max_Low,TMEAN_10_MediumImpact | NDVI_season_std_MediumImpact,0.09,0.5113636363636364,2.0454545454545454,1.2551652892561984
NDVI_season_max_High | organic_matter_High,GPP_7_PositiveImpact,0.092,0.5542168674698795,1.8850913859519713,1.2536993313801061
organic_matter_Medium | NDVI_7_High,field_capacity_MediumImpact,0.138,0.9078947368421053,1.3797792353223484,1.2526943057531847
NDVI_8_Low,TMIN_season_std_MediumImpact | year_HighNegativeImpact,0.114,0.6129032258064516,1.702508960573477,1.2521678806798475
organic_matter_High | NDVI_8_High,EVI_season_max_PositiveImpact,0.154,0.9166666666666666,1.3640873015873014,1.2504133597883595
NDVI_season_max_Low,TMIN_9_MediumImpact | EVI_season_std_MediumImpact,0.088,0.5,2.0833333333333335,1.25
NDVI_7_Low,TMIN_9_MediumImpact | EVI_season_std_MediumImpact,0.114,0.5,2.0833333333333335,1.25
NDVI_7_Medium | organic_matter_High,saturated_hc_PositiveImpact,0.07,0.5303030303030303,1.9640852974186305,1.2498724619936736
NDVI_7_Low | year_High,GPP_season_std_MediumImpact,0.136,0.5964912280701754,1.7441263978660098,1.248427316367249
NDVI_7_Low,GPP_season_std_MediumImpact,0.136,0.5964912280701754,1.7441263978660098,1.248427316367249
NDVI_7_Low,GPP_5_MediumImpact | EVI_season_std_MediumImpact,0.112,0.49122807017543857,2.117362371445856,1.2481293979049255
X_Low,VPDMIN_8_MediumImpact | TMIN_9_MediumImpact,0.156,0.52,2.0,1.248
NDVI_season_max_High,NDVI_7_PositiveImpact | field_capacity_MediumImpact,0.308,0.6416666666666667,1.6203703703703705,1.2476851851851853
NDVI_season_max_High | organic_matter_High,EVI_season_max_PositiveImpact,0.152,0.9156626506024096,1.3625932300631094,1.2476757287324856
NDVI_season_max_Medium,TMIN_season_std_MediumImpact | NDVI_8_MediumImpact,0.22,0.6395348837209303,1.6231849840632746,1.2457001040485596
organic_matter_High | NDVI_8_High,field_capacity_MediumImpact,0.152,0.9047619047619047,1.3750180923433202,1.2440639883106228
X_High | NDVI_8_High,EVI_season_max_PositiveImpact,0.192,0.9142857142857144,1.3605442176870748,1.2439261418853256
NDVI_season_max_Low,TMIN_season_std_MediumImpact | organic_matter_NegativeImpact,0.106,0.6022727272727273,1.720779220779221,1.2436540731995278
NDVI_8_Low,GPP_6_MediumImpact | EVI_season_std_MediumImpact,0.088,0.47311827956989244,2.1903624054161686,1.2435605914620826
NDVI_season_max_High | NDVI_7_High,field_capacity_MediumImpact,0.322,0.904494382022472,1.3746115228305045,1.2433283998635463
NDVI_season_max_Low | year_High,field_capacity_NegativeImpact,0.072,0.40909090909090906,2.525252525252525,1.2396694214876032
NDVI_season_max_Low,field_capacity_NegativeImpact,0.072,0.40909090909090906,2.525252525252525,1.2396694214876032
NDVI_season_max_Low,year_HighNegativeImpact | VPDMIN_11_NegativeImpact,0.072,0.40909090909090906,2.525252525252525,1.2396694214876032
X_High | organic_matter_Medium,TMEAN_1_MediumImpact,0.074,0.6491228070175438,1.590987272101823,1.2392953487951042
NDVI_8_High,Y_MediumImpact | field_capacity_MediumImpact,0.302,0.6536796536796536,1.5789363615450571,1.2385422887963824
NDVI_8_Low,field_capacity_NegativeImpact,0.076,0.4086021505376344,2.5222354971458913,1.2367090179554046
year_High | NDVI_8_Low,field_capacity_NegativeImpact,0.076,0.4086021505376344,2.5222354971458913,1.2367090179554046
NDVI_7_Low | year_High,GPP_8_PositiveImpact,0.092,0.40350877192982454,2.5538529868976236,1.236602498918849
NDVI_7_Low,GPP_8_PositiveImpact,0.092,0.40350877192982454,2.5538529868976236,1.236602498918849
organic_matter_High | NDVI_7_High,EVI_season_max_PositiveImpact,0.144,0.9113924050632911,1.3562386980108498,1.236065648820015
organic_matter_Medium | NDVI_season_max_Medium,NDVI_8_MediumImpact,0.07,0.6481481481481483,1.5885984023238928,1.2355765351408057
NDVI_7_High,PPT_season_mean_MediumImpact | GPP_6_HighPositiveImpact,0.186,0.45145631067961167,2.2800823771697556,1.235229093651188
NDVI_season_max_Low | year_High,organic_matter_NegativeImpact,0.108,0.6136363636363636,1.6766020864381521,1.2345888091044575
NDVI_season_max_Low,organic_matter_NegativeImpact,0.108,0.6136363636363636,1.6766020864381521,1.2345888091044575
organic_matter_High | NDVI_7_High,NDVI_season_std_NegativeImpact,0.086,0.5443037974683543,1.8899437412095639,1.2344442664102973
X_High | NDVI_7_High,field_capacity_MediumImpact,0.146,0.9012345679012345,1.3696573980261921,1.2343825932828643
GPP_8_Medium,NDVI_9_MediumImpact | GPP_9_MediumImpact,0.078,0.4105263157894737,2.503209242618742,1.2331599216269171
NDVI_season_max_High | X_High,EVI_season_max_PositiveImpact,0.202,0.9099099099099099,1.354032604032604,1.2320476847503876
NDVI_7_Low | year_High,TMIN_9_MediumImpact,0.142,0.6228070175438596,1.647637612549893,1.2313923209583408
NDVI_7_Low,TMIN_9_MediumImpact,0.142,0.6228070175438596,1.647637612549893,1.2313923209583408
NDVI_season_max_Low,VPDMIN_11_NegativeImpact,0.096,0.5454545454545455,1.8808777429467087,1.2311199772014823
NDVI_season_max_Low | year_High,VPDMIN_11_NegativeImpact,0.096,0.5454545454545455,1.8808777429467087,1.2311199772014823
NDVI_8_High | NDVI_7_High,EVI_season_max_PositiveImpact,0.32,0.9090909090909092,1.352813852813853,1.229830775285321
NDVI_8_High,EVI_season_max_PositiveImpact,0.42,0.9090909090909091,1.3528138528138527,1.2298307752853206
year_High | NDVI_8_High,EVI_season_max_PositiveImpact,0.42,0.9090909090909091,1.3528138528138527,1.2298307752853206
NDVI_8_High,NDVI_7_PositiveImpact | Y_MediumImpact,0.262,0.5670995670995671,1.8060495767502136,1.229051919762483
NDVI_season_max_High,EVI_season_max_PositiveImpact,0.436,0.9083333333333333,1.351686507936508,1.2277819113756614
NDVI_season_max_High | year_High,EVI_season_max_PositiveImpact,0.436,0.9083333333333333,1.351686507936508,1.2277819113756614
organic_matter_High | NDVI_7_High,field_capacity_MediumImpact,0.142,0.8987341772151898,1.3658574121811393,1.2275427375298846
NDVI_season_max_High,NDVI_7_PositiveImpact | EVI_season_max_PositiveImpact,0.31,0.6458333333333334,1.5829248366013073,1.2267667483660132
NDVI_8_High,NDVI_season_max_PositiveImpact | VPDMIN_season_std_MediumImpact,0.238,0.5151515151515151,1.9813519813519813,1.2248357702903154
NDVI_7_Low | NDVI_8_Low,organic_matter_NegativeImpact,0.088,0.6111111111111112,1.6697024893746206,1.2244484922080552
organic_matter_High | NDVI_8_High,GPP_7_PositiveImpact,0.092,0.5476190476190476,1.8626498218334953,1.2240270257762966
NDVI_8_High,VPDMIN_season_std_MediumImpact | field_capacity_MediumImpact,0.308,0.6666666666666666,1.529051987767584,1.2232415902140672
NDVI_7_Low,organic_matter_NegativeImpact | GPP_5_MediumImpact,0.096,0.42105263157894735,2.4198427102238353,1.2226573693762535
NDVI_season_max_Low,TMIN_season_std_MediumImpact | VPDMIN_11_NegativeImpact,0.094,0.5340909090909092,1.9074675324675325,1.2225132821723732
NDVI_season_max_High | X_Medium,NDVI_season_std_NegativeImpact,0.104,0.5416666666666666,1.880787037037037,1.2225115740740737
GPP_8_High | NDVI_7_Medium,VPDMIN_11_PositiveImpact,0.15,0.625,1.6276041666666667,1.220703125
X_High | NDVI_7_High,GPP_6_HighPositiveImpact,0.08,0.49382716049382713,2.05761316872428,1.2193263222069806
organic_matter_Medium | NDVI_7_High,VPDMIN_season_std_MediumImpact,0.13,0.855263157894737,1.4254385964912284,1.2191251154201297
GPP_8_High | NDVI_8_High,EVI_season_max_PositiveImpact,0.4,0.9049773755656109,1.3466925231631113,1.2187262653059832
NDVI_season_max_High | NDVI_7_High,EVI_season_max_PositiveImpact,0.322,0.904494382022472,1.3459737827715357,1.2174257248663891
NDVI_8_High,NDVI_7_PositiveImpact | VPDMAX_4_MediumImpact,0.268,0.5800865800865801,1.7472487352005424,1.2162666520357022
NDVI_8_High,TMIN_season_std_MediumImpact | EVI_season_max_PositiveImpact,0.412,0.8917748917748917,1.3635701709096202,1.215997641590397
organic_matter_Medium | NDVI_7_High,NDVI_9_PositiveImpact,0.096,0.6315789473684211,1.6029922522041145,1.214899391144171
NDVI_season_max_High | NDVI_8_High,EVI_season_max_PositiveImpact,0.392,0.903225806451613,1.3440860215053765,1.2140131807145338
organic_matter_High | NDVI_7_High,pH_NegativeImpact,0.094,0.5949367088607594,1.6998191681735986,1.2135417858859614
NDVI_season_max_High | GPP_8_High,EVI_season_max_PositiveImpact,0.406,0.9022222222222223,1.3425925925925926,1.2113168724279835
NDVI_8_Low,EVI_season_std_MediumImpact | GPP_5_MediumImpact,0.09,0.48387096774193544,2.0856507230255836,1.2110230004664677
NDVI_season_max_High | organic_matter_High,NDVI_8_PositiveImpact,0.094,0.5662650602409638,1.7807077366068043,1.2100230884894427
X_High | NDVI_7_High,VPDMIN_season_std_MediumImpact,0.138,0.8518518518518519,1.4197530864197532,1.209419295839049
organic_matter_High | NDVI_7_High,GPP_7_PositiveImpact,0.086,0.5443037974683543,1.8513734607767156,1.209251526279475
NDVI_8_High,GPP_9_PositiveImpact | EVI_season_max_PositiveImpact,0.294,0.6363636363636364,1.582994120307553,1.2088318736894041
X_High | NDVI_7_High,EVI_season_max_PositiveImpact,0.146,0.9012345679012345,1.3411228689006465,1.208666289256138
X_Medium | NDVI_season_max_Medium,GPP_8_MediumImpact,0.082,0.6119402985074627,1.6450008024394158,1.20797073850775
NDVI_season_max_High | X_High,organic_matter_MediumImpact,0.138,0.6216216216216217,1.6188063063063065,1.2075420014609208
NDVI_season_max_Low,NDVI_season_std_MediumImpact | organic_matter_NegativeImpact,0.074,0.42045454545454547,2.388946280991736,1.2053319872276484
GPP_8_High | X_Low,EVI_9_PositiveImpact,0.07,0.4929577464788733,2.0370154813176584,1.2049950734555164
NDVI_7_Low,GPP_7_MediumImpact | PPT_season_mean_MediumImpact,0.098,0.4298245614035088,2.336003051106026,1.204885784254687
NDVI_season_max_High,TMIN_season_std_MediumImpact | EVI_season_max_PositiveImpact,0.426,0.8875000000000001,1.357033639143731,1.2043673547400613
X_Medium | NDVI_8_High,field_capacity_MediumImpact,0.162,0.8901098901098902,1.3527505928721735,1.2040966815675391
NDVI_8_High | organic_matter_Medium,cec_PositiveImpact,0.112,0.6222222222222222,1.6119746689694876,1.2036077528305507
NDVI_7_High,GPP_6_HighPositiveImpact | Y_MediumImpact,0.172,0.4174757281553398,2.399285793996206,1.2019723006815943
organic_matter_Low | X_High,VPDMIN_season_std_MediumImpact,0.09,0.8490566037735849,1.4150943396226416,1.201495194019224
NDVI_7_High,VPDMAX_4_MediumImpact | field_capacity_MediumImpact,0.272,0.6601941747572816,1.5142068228378018,1.1996046285782975
NDVI_8_Low,VPDMIN_8_MediumImpact | GPP_5_MediumImpact,0.088,0.47311827956989244,2.1121351766513055,1.1991477131955797
GPP_8_High | NDVI_7_High,field_capacity_MediumImpact,0.348,0.8877551020408162,1.3491718876000245,1.1977342267469604
X_Medium | NDVI_7_High,field_capacity_MediumImpact,0.158,0.8876404494382023,1.3489976435231037,1.1974248745879237
NDVI_7_High,EVI_2_MediumImpact | field_capacity_MediumImpact,0.264,0.6407766990291263,1.5552832500706948,1.195907120442709
NDVI_season_max_Low,year_HighNegativeImpact | organic_matter_NegativeImpact,0.072,0.40909090909090906,2.435064935064935,1.1953955135773315
NDVI_season_max_High | X_Medium,EVI_season_max_PositiveImpact,0.172,0.8958333333333333,1.3330853174603172,1.1942222635582007
GPP_8_High | NDVI_8_High,GPP_6_HighPositiveImpact,0.216,0.48868778280542985,2.0361990950226243,1.1940787453164348
NDVI_season_max_High | organic_matter_Medium,cec_PositiveImpact,0.114,0.6195652173913044,1.6050912367650374,1.1933504412470497
organic_matter_Low | X_High,GPP_5_NegativeImpact,0.068,0.6415094339622642,1.5495396955610248,1.1928531996016947
NDVI_season_max_High | X_Medium,field_capacity_MediumImpact,0.17,0.8854166666666667,1.3456180344478217,1.1914326346673423
X_Medium | NDVI_7_High,NDVI_8_PositiveImpact,0.1,0.5617977528089888,1.7666596000282666,1.1910064719291686
NDVI_7_Low,TMIN_season_std_MediumImpact | GPP_season_std_MediumImpact,0.132,0.5789473684210527,1.7128620367486764,1.1899883623727647
NDVI_7_High,NDVI_season_max_PositiveImpact | EVI_season_max_PositiveImpact,0.244,0.5922330097087379,1.672974603697,1.1889489416565089
organic_matter_Medium | NDVI_7_High,cec_PositiveImpact,0.094,0.618421052631579,1.6021270793564222,1.188946937838187
NDVI_7_Medium | X_High,VPDMIN_11_PositiveImpact,0.074,0.6166666666666667,1.605902777777778,1.1883680555555558
NDVI_7_High,EVI_season_max_PositiveImpact,0.368,0.8932038834951457,1.3291724456773,1.187221990313705
year_High | NDVI_7_High,EVI_season_max_PositiveImpact,0.368,0.8932038834951457,1.3291724456773,1.187221990313705
NDVI_8_High,NDVI_season_max_PositiveImpact | Y_MediumImpact,0.226,0.48917748917748916,2.021394583378054,1.186584872320624
GPP_8_High | NDVI_7_High,EVI_season_max_PositiveImpact,0.35,0.8928571428571428,1.328656462585034,1.1863004130223516
NDVI_7_Low,NDVI_season_mean_MediumImpact | EVI_season_std_MediumImpact,0.094,0.41228070175438597,2.396980824153407,1.1858747235285276
NDVI_8_High | organic_matter_Medium,NDVI_season_std_NegativeImpact,0.096,0.5333333333333333,1.8518518518518519,1.1851851851851851
organic_matter_Medium | NDVI_7_High,GPP_6_HighPositiveImpact,0.074,0.4868421052631579,2.0285087719298245,1.1850761772853184
NDVI_8_High,NDVI_7_PositiveImpact | EVI_2_MediumImpact,0.262,0.5670995670995671,1.7395692242318008,1.1838107448019008
X_High | NDVI_8_Medium,Y_PositiveImpact,0.07,0.5384615384615385,1.8315018315018319,1.1834319526627224
NDVI_season_max_High | organic_matter_Medium,EVI_season_max_PositiveImpact,0.164,0.891304347826087,1.3263457556935818,1.1821777387703665
year_High | GPP_8_Medium,NDVI_season_max_NegativeImpact,0.092,0.4842105263157895,2.034498009730208,1.182150422495868
GPP_8_Medium,NDVI_season_max_NegativeImpact,0.092,0.4842105263157895,2.034498009730208,1.182150422495868
NDVI_season_max_High | organic_matter_Medium,NDVI_season_std_NegativeImpact,0.098,0.532608695652174,1.8493357487922708,1.1819667611846254
NDVI_7_High,TMIN_season_std_MediumImpact | EVI_season_max_PositiveImpact,0.362,0.8786407766990292,1.3434874261453045,1.18044283559369
NDVI_8_High,TMIN_9_PositiveImpact | NDVI_season_max_PositiveImpact,0.23,0.49783549783549785,1.9755376898234043,1.1801913471672285
X_Medium | NDVI_7_High,TMEAN_11_MediumImpact,0.116,0.651685393258427,1.5085310029130254,1.179705143851085
NDVI_7_High,TMIN_season_std_MediumImpact | field_capacity_MediumImpact,0.354,0.8592233009708737,1.3725611836595426,1.179336551008442
X_Medium | NDVI_8_High,EVI_season_max_PositiveImpact,0.162,0.8901098901098902,1.3245682888540031,1.179011334034882
NDVI_7_High,GPP_6_HighPositiveImpact | PPT_6_MediumImpact,0.178,0.43203883495145634,2.2738886050076648,1.1788898204602845
organic_matter_Medium | NDVI_season_max_Medium,EVI_season_std_MediumImpact,0.086,0.7962962962962963,1.480104639955941,1.1786018429278788
X_Low,organic_matter_NegativeImpact | GPP_5_MediumImpact,0.124,0.41333333333333333,2.375478927203065,1.1782375478927203
GPP_8_Medium,TMIN_season_std_MediumImpact | NDVI_7_MediumImpact,0.11,0.5789473684210527,1.6928285626346569,1.1760703698303931
NDVI_8_High | organic_matter_Medium,EVI_season_max_PositiveImpact,0.16,0.888888888888889,1.3227513227513228,1.1757789535567313
NDVI_season_max_High | organic_matter_High,field_capacity_MediumImpact,0.146,0.8795180722891566,1.3366536053026694,1.175611002254155
NDVI_7_High,GPP_6_HighPositiveImpact | VPDMAX_4_MediumImpact,0.172,0.4174757281553398,2.345369259299662,1.1749616871831314
NDVI_8_Low,TMEAN_10_MediumImpact | NDVI_season_std_MediumImpact,0.092,0.4946236559139785,1.978494623655914,1.174332292750607
NDVI_8_High,GPP_9_PositiveImpact | field_capacity_MediumImpact,0.278,0.6017316017316018,1.6263016263016266,1.174316498991824
NDVI_7_High,GPP_6_HighPositiveImpact | EVI_2_MediumImpact,0.17,0.412621359223301,2.3713871219729943,1.1741819730157546
X_Medium | NDVI_8_Medium,GPP_8_MediumImpact,0.076,0.6031746031746031,1.621437105308073,1.173611619080129
NDVI_season_max_High | GPP_8_High,GPP_6_HighPositiveImpact,0.218,0.48444444444444446,2.0185185185185186,1.173432098765432
NDVI_8_High,X_MediumImpact | NDVI_season_max_PositiveImpact,0.24,0.5194805194805194,1.8821757952192733,1.1733043918250015
year_High | NDVI_7_High,field_capacity_MediumImpact,0.362,0.8786407766990292,1.3353203293298315,1.1732668913043665
NDVI_7_High,field_capacity_MediumImpact,0.362,0.8786407766990292,1.3353203293298315,1.1732668913043665
X_High | NDVI_season_max_Medium,NDVI_8_MediumImpact,0.072,0.631578947368421,1.5479876160990713,1.1732116669382435
organic_matter_Low | NDVI_8_High,GPP_10_PositiveImpact,0.072,0.631578947368421,1.5479876160990713,1.1732116669382435
NDVI_7_High,Y_MediumImpact | VPDMIN_season_std_MediumImpact,0.226,0.5485436893203884,1.7809860042869754,1.1723383601034656
NDVI_season_max_Low,TMIN_season_std_MediumImpact | wilting_point_MediumImpact,0.102,0.5795454545454546,1.6847251585623682,1.1716497693638288
GPP_8_Medium,NDVI_7_MediumImpact,0.112,0.5894736842105264,1.6558249556475462,1.1712782844159486
year_High | GPP_8_Medium,NDVI_7_MediumImpact,0.112,0.5894736842105264,1.6558249556475462,1.1712782844159486
NDVI_season_max_Low | NDVI_8_Low,wilting_point_MediumImpact,0.09,0.5844155844155844,1.6697588126159555,1.170999686769631
NDVI_7_Low,TMIN_season_std_MediumImpact | TMIN_9_MediumImpact,0.134,0.5877192982456141,1.6602240063435427,1.1708948255264986
organic_matter_Low | X_High,EVI_season_max_PositiveImpact,0.094,0.8867924528301887,1.3196316262353998,1.170239366661581
GPP_8_High | X_Low,NDVI_9_PositiveImpact,0.088,0.619718309859155,1.5728891113176522,1.1696978179939723
organic_matter_High,NDVI_season_mean_NegativeImpact,0.212,0.6162790697674418,1.5802027429934407,1.168615051795149
organic_matter_High | year_High,NDVI_season_mean_NegativeImpact,0.212,0.6162790697674418,1.5802027429934407,1.168615051795149
NDVI_8_High,VPDMIN_8_MediumImpact | NDVI_season_max_PositiveImpact,0.236,0.5108225108225107,1.9060541448601145,1.1683864368493166
NDVI_season_max_Low,NDVI_season_std_MediumImpact | EVI_season_std_MediumImpact,0.084,0.47727272727272735,2.0396270396270397,1.1681500317863955
X_Medium | organic_matter_High,NDVI_season_std_NegativeImpact,0.072,0.5294117647058822,1.8382352941176467,1.1678200692041518
X_High | NDVI_7_High,EVI_2_MediumImpact,0.136,0.8395061728395062,1.3899108821846131,1.1668387652907863
NDVI_7_High,NDVI_season_max_PositiveImpact | VPDMAX_4_MediumImpact,0.224,0.5436893203883496,1.7884517118037817,1.1668345148855743
NDVI_season_max_High | NDVI_7_Medium,GPP_10_PositiveImpact,0.068,0.6296296296296297,1.54320987654321,1.1659807956104253
NDVI_8_High,NDVI_season_max_PositiveImpact | EVI_9_MediumImpact,0.246,0.5324675324675324,1.823518946806618,1.165157560816696
GPP_8_High | X_Low,TMIN_9_MediumImpact,0.086,0.6056338028169014,1.60220582755794,1.1644200098871789
X_Medium | organic_matter_Medium,PPT_season_mean_MediumImpact,0.126,0.926470588235294,1.2553802008608321,1.1630728331504767
NDVI_7_High,VPDMIN_season_std_MediumImpact | VPDMAX_4_MediumImpact,0.244,0.5922330097087379,1.6360027892506572,1.1626738269237682
NDVI_7_Medium | X_High,GPP_5_NegativeImpact,0.076,0.6333333333333333,1.5297906602254427,1.1626409017713364
organic_matter_Low,PPT_season_mean_MediumImpact | wilting_point_NegativeImpact,0.18,0.5921052631578947,1.6356498982262284,1.1621722961081096
NDVI_season_max_High | NDVI_7_High,VPDMIN_11_MediumImpact,0.188,0.5280898876404495,1.8336454431960054,1.1619955392837609
X_Medium | NDVI_7_High,VPDMIN_11_MediumImpact,0.094,0.5280898876404495,1.8336454431960054,1.1619955392837609
X_High | NDVI_8_High,organic_matter_MediumImpact,0.128,0.6095238095238096,1.5873015873015874,1.1609977324263039
NDVI_7_High,EVI_season_max_PositiveImpact | field_capacity_MediumImpact,0.32,0.7766990291262137,1.4936519790888725,1.1601180420107748
NDVI_8_High,NDVI_season_max_PositiveImpact | PPT_8_MediumImpact,0.236,0.5108225108225107,1.8919352252685582,1.1597317225022847
GPP_8_High | organic_matter_High,NDVI_season_max_PositiveImpact,0.178,0.6137931034482759,1.5738284703801946,1.159206073355895
organic_matter_Low | NDVI_7_High,EVI_season_max_PositiveImpact,0.09,0.8823529411764706,1.3130252100840334,1.1585516559565001
NDVI_season_max_High,Y_MediumImpact | EVI_season_max_PositiveImpact,0.296,0.6166666666666667,1.5651438240270727,1.1582064297800339
organic_matter_High | NDVI_7_High,GPP_season_std_HighPositiveImpact,0.068,0.43037974683544306,2.2415611814345993,1.1576670405383753
organic_matter_Medium | NDVI_7_High,EVI_season_max_PositiveImpact,0.134,0.8815789473684211,1.31187343358396,1.1565200006595437
NDVI_7_High,Y_MediumImpact | EVI_2_MediumImpact,0.244,0.5922330097087379,1.6270137629360932,1.1562855091934179
NDVI_7_Low,VPDMIN_8_MediumImpact | NDVI_season_mean_MediumImpact,0.096,0.42105263157894735,2.2883295194508007,1.156208599301457
X_Medium | NDVI_season_max_Medium,NDVI_8_MediumImpact,0.084,0.6268656716417911,1.5364354697102725,1.1557663831850409
NDVI_8_High,GPP_6_HighPositiveImpact,0.222,0.4805194805194805,2.002164502164502,1.154494855793557
year_High | NDVI_8_High,GPP_6_HighPositiveImpact,0.222,0.4805194805194805,2.002164502164502,1.154494855793557
NDVI_season_max_High,NDVI_7_PositiveImpact | VPDMIN_season_std_MediumImpact,0.276,0.5750000000000001,1.671511627906977,1.1533430232558142
NDVI_season_max_Low,organic_matter_NegativeImpact | TMIN_9_MediumImpact,0.074,0.42045454545454547,2.2850790513833994,1.1529262486525333
NDVI_season_max_High | NDVI_7_High,VPDMIN_season_std_MediumImpact,0.296,0.8314606741573034,1.3857677902621723,1.1522114211168624
NDVI_8_High,GPP_6_HighPositiveImpact | TMIN_season_std_MediumImpact,0.218,0.4718614718614718,2.0338856545753092,1.151654734279006
NDVI_season_max_Low | year_High,wilting_point_MediumImpact,0.102,0.5795454545454546,1.6558441558441561,1.1515643447461632
NDVI_season_max_Low,wilting_point_MediumImpact,0.102,0.5795454545454546,1.6558441558441561,1.1515643447461632
NDVI_8_Low,organic_matter_NegativeImpact | GPP_5_MediumImpact,0.076,0.4086021505376344,2.3482882214806575,1.151418740855032
organic_matter_Low | NDVI_season_max_High,VPDMIN_season_std_MediumImpact,0.108,0.8307692307692307,1.3846153846153846,1.1502958579881655
NDVI_7_Low,year_HighNegativeImpact | TMIN_9_MediumImpact,0.092,0.40350877192982454,2.373581011351909,1.1493129107598716
organic_matter_High | NDVI_8_High,GPP_season_std_HighPositiveImpact,0.072,0.4285714285714285,2.2321428571428568,1.1479591836734688
NDVI_8_High | NDVI_7_High,VPDMIN_season_std_MediumImpact,0.292,0.8295454545454546,1.3825757575757578,1.1469094352617082
NDVI_7_High,NDVI_season_max_PositiveImpact | Y_MediumImpact,0.198,0.4805825242718447,1.9858781994704329,1.1452540295975118
X_Medium | NDVI_7_High,GPP_season_std_PositiveImpact,0.106,0.5955056179775281,1.6008215537030326,1.1439578743316052
X_Medium | NDVI_7_High,EVI_season_max_PositiveImpact,0.156,0.8764044943820225,1.3041733547351524,1.1429833895431674
NDVI_7_Low,TMIN_9_MediumImpact | GPP_5_MediumImpact,0.098,0.4298245614035088,2.215590522698499,1.1427782696023836
X_Medium | NDVI_season_max_Medium,NDVI_7_MediumImpact,0.078,0.582089552238806,1.6350830119067585,1.1421176859289
NDVI_8_High,EVI_season_max_PositiveImpact | field_capacity_MediumImpact,0.356,0.7705627705627704,1.4818514818514816,1.1418595834180247
NDVI_8_High,NDVI_7_PositiveImpact | year_NegativeImpact,0.262,0.5670995670995671,1.6778093701170622,1.14178196096278
NDVI_8_High | organic_matter_Medium,field_capacity_MediumImpact,0.156,0.8666666666666667,1.3171225937183384,1.1415062478892266
X_Medium | NDVI_7_High,VPDMAX_4_MediumImpact,0.146,0.8202247191011236,1.3902113883069893,1.1402857454652833
NDVI_8_High,NDVI_season_max_PositiveImpact | EVI_2_MediumImpact,0.234,0.5064935064935066,1.875901875901876,1.1401585427559455
X_High | NDVI_7_High,GPP_7_HighPositiveImpact,0.072,0.4444444444444444,2.1367521367521367,1.1396011396011396
organic_matter_Low,EVI_9_MediumImpact | wilting_point_NegativeImpact,0.166,0.5460526315789475,1.7390211196781766,1.1395164705259633
year_High | GPP_8_Medium,GPP_7_NegativeImpact,0.084,0.4421052631578948,2.146142054164538,1.1385848371567655
GPP_8_Medium,GPP_7_NegativeImpact,0.084,0.4421052631578948,2.146142054164538,1.1385848371567655
NDVI_8_Low,organic_matter_NegativeImpact | VPDMIN_11_NegativeImpact,0.076,0.4086021505376344,2.321603128054741,1.1383344369816795
NDVI_8_Low,NDVI_season_std_MediumImpact | organic_matter_NegativeImpact,0.076,0.4086021505376344,2.321603128054741,1.1383344369816795
NDVI_season_max_High,PPT_season_mean_MediumImpact | NDVI_7_PositiveImpact,0.282,0.5874999999999999,1.6140109890109888,1.1378777472527468
NDVI_7_High,GPP_9_PositiveImpact | field_capacity_MediumImpact,0.244,0.5922330097087379,1.600629755969562,1.1375349333686595
organic_matter_Low,VPDMIN_8_MediumImpact | wilting_point_NegativeImpact,0.17,0.5592105263157895,1.6945773524720893,1.137150591790481
NDVI_season_max_High,GPP_9_PositiveImpact | EVI_season_max_PositiveImpact,0.296,0.6166666666666667,1.5339966832504146,1.135157545605307
NDVI_8_High,NDVI_7_PositiveImpact | EVI_9_MediumImpact,0.262,0.5670995670995671,1.6679399032340207,1.1350655964865284
NDVI_7_Low | year_High,organic_matter_NegativeImpact,0.134,0.5877192982456141,1.6057904323650658,1.1325048312469412
NDVI_7_Low,organic_matter_NegativeImpact,0.134,0.5877192982456141,1.6057904323650658,1.1325048312469412
NDVI_7_Low | NDVI_8_Low,TMIN_9_MediumImpact,0.086,0.5972222222222222,1.5799529688418577,1.132299627669998
NDVI_season_max_High,Y_MediumImpact | field_capacity_MediumImpact,0.3,0.625,1.5096618357487923,1.1322463768115942
NDVI_8_High,GPP_9_PositiveImpact | NDVI_season_max_PositiveImpact,0.226,0.48917748917748916,1.925895626683028,1.1305257444944528
organic_matter_Low | NDVI_7_High,VPDMIN_season_std_MediumImpact,0.084,0.823529411764706,1.3725490196078434,1.1303344867358711
NDVI_8_High,NDVI_season_max_PositiveImpact | year_NegativeImpact,0.232,0.5021645021645021,1.8737481424048585,1.1291157637348757
GPP_8_Medium,TMIN_season_std_MediumImpact | NDVI_season_max_NegativeImpact,0.088,0.46315789473684205,2.031394275161588,1.129027555037177
NDVI_7_High,VPDMIN_11_MediumImpact | field_capacity_MediumImpact,0.184,0.44660194174757284,2.10661293277157,1.1289809115435987
NDVI_season_max_Low | NDVI_7_Low,GPP_season_std_MediumImpact,0.076,0.5671641791044776,1.6583747927031507,1.1286849335412488
GPP_8_High | NDVI_7_High,VPDMIN_11_MediumImpact,0.204,0.520408163265306,1.8069727891156462,1.1284360683048726
NDVI_season_max_Low,PPT_7_PositiveImpact | GPP_5_MediumImpact,0.074,0.42045454545454547,2.236460348162476,1.1283959029365218
NDVI_7_Low,year_HighNegativeImpact | EVI_season_std_MediumImpact,0.106,0.46491228070175433,2.0213577421815403,1.1277048456381222
NDVI_7_High,GPP_6_HighPositiveImpact | PPT_8_MediumImpact,0.174,0.4223300970873786,2.2227899846704138,1.1265013320368504
NDVI_8_High | organic_matter_Medium,NDVI_season_mean_HighPositiveImpact,0.076,0.4222222222222222,2.2222222222222223,1.125925925925926
GPP_8_High | NDVI_7_High,NDVI_8_PositiveImpact,0.214,0.5459183673469388,1.7167244256193044,1.1246296747424422
GPP_8_High | NDVI_8_High,GPP_7_PositiveImpact,0.232,0.5248868778280543,1.7853295164219536,1.1245152429227872
organic_matter_Low | NDVI_7_High,EVI_2_MediumImpact,0.084,0.823529411764706,1.363459291001169,1.1228488278833157
organic_matter_Low,wilting_point_NegativeImpact | EVI_2_MediumImpact,0.162,0.5328947368421053,1.7529432132963991,1.1209610548184867
organic_matter_Low,b_density_MediumImpact | wilting_point_NegativeImpact,0.156,0.5131578947368421,1.8197088465845468,1.1205575528968
X_Medium | organic_matter_High,EVI_season_max_PositiveImpact,0.118,0.8676470588235293,1.291141456582633,1.120255087329049
NDVI_season_max_High | X_Medium,VPDMAX_4_MediumImpact,0.156,0.8125,1.3771186440677967,1.1189088983050848
NDVI_7_Low | X_Low,GPP_season_std_MediumImpact,0.07,0.5645161290322581,1.6506319562346727,1.1181700348686492
organic_matter_High | NDVI_season_max_Medium,VPDMIN_11_PositiveImpact,0.086,0.5972222222222222,1.5552662037037037,1.1146074459876543
NDVI_8_High | NDVI_7_High,VPDMIN_11_MediumImpact,0.182,0.5170454545454546,1.7952967171717173,1.1139000086088156
NDVI_8_High,NDVI_7_PositiveImpact | TMAX_season_mean_MediumImpact,0.238,0.5151515151515151,1.8012290739563468,1.113487063900287
NDVI_8_High,GPP_9_PositiveImpact | VPDMIN_season_std_MediumImpact,0.246,0.5324675324675324,1.7400899753840928,1.1118496985571085
NDVI_7_High,VPDMIN_11_MediumImpact | EVI_season_max_PositiveImpact,0.186,0.45145631067961167,2.05207413945278,1.1117061842860692
NDVI_season_max_High | organic_matter_High,GPP_season_std_HighPositiveImpact,0.07,0.42168674698795183,2.196285140562249,1.1113732036580055
NDVI_7_High,PPT_season_mean_MediumImpact | NDVI_season_max_PositiveImpact,0.22,0.5339805825242718,1.7337031900138695,1.1109166071933532
NDVI_season_max_High | NDVI_8_High,NDVI_season_std_NegativeImpact,0.224,0.5161290322580645,1.7921146953405018,1.1099549080818591
NDVI_season_max_High | GPP_8_High,NDVI_8_PositiveImpact,0.244,0.5422222222222222,1.7051013277428368,1.1094525972513392
NDVI_season_max_High | NDVI_7_High,organic_matter_MediumImpact,0.212,0.5955056179775281,1.5507958801498127,1.1082091907587426
organic_matter_Low | X_High,b_density_MediumImpact,0.08,0.7547169811320755,1.4683209749651274,1.1081667735585867
X_High | NDVI_season_max_Medium,EVI_season_std_MediumImpact,0.088,0.7719298245614035,1.4348138003000064,1.1075755651438646
NDVI_7_High,GPP_6_HighPositiveImpact | EVI_9_MediumImpact,0.166,0.40291262135922334,2.28927625772286,1.1068539576174605
NDVI_season_max_Low,VPDMIN_8_MediumImpact | GPP_5_MediumImpact,0.08,0.4545454545454546,2.0292207792207795,1.106847697756789
X_Medium | NDVI_season_max_Medium,EVI_9_MediumImpact,0.116,0.8656716417910447,1.2768018315502134,1.1052911377598862
NDVI_season_max_High | NDVI_7_Medium,GPP_9_PositiveImpact,0.08,0.7407407407407408,1.4874312063067086,1.101800893560525
X_Low,VPDMIN_8_MediumImpact | GPP_5_MediumImpact,0.136,0.45333333333333337,2.0238095238095237,1.100952380952381
organic_matter_Low | NDVI_season_max_High,EVI_2_MediumImpact,0.106,0.8153846153846154,1.3499745287824758,1.1007484619303265
X_Medium | NDVI_8_High,PPT_season_mean_MediumImpact,0.164,0.9010989010989011,1.221001221001221,1.100242858484617
X_High | NDVI_8_High,TMAX_season_mean_MediumImpact,0.166,0.7904761904761906,1.3916834339369553,1.1000926192073075
GPP_8_High | NDVI_8_High,field_capacity_MediumImpact,0.376,0.8506787330316742,1.2928248222365868,1.099778581812119
NDVI_season_max_High | organic_matter_High,pH_NegativeImpact,0.094,0.5662650602409638,1.6179001721170394,1.0993924061132652
NDVI_7_Low,VPDMIN_8_MediumImpact | GPP_6_MediumImpact,0.1,0.4385964912280702,2.0885547201336676,1.0992393263861409
NDVI_8_High,GPP_6_HighPositiveImpact | field_capacity_MediumImpact,0.212,0.4588744588744588,1.9951063429324296,1.0986040122121428
X_High | organic_matter_Medium,TMAX_season_mean_MediumImpact,0.09,0.7894736842105262,1.3899184581171238,1.0973040458819396
GPP_8_High | NDVI_7_High,VPDMIN_season_std_MediumImpact,0.318,0.8112244897959183,1.3520408163265305,1.0968086214077466
NDVI_7_High,GPP_6_HighPositiveImpact | year_NegativeImpact,0.168,0.4077669902912622,2.2404779686333085,1.096311549700182
NDVI_season_max_High | X_High,VPDMIN_season_std_MediumImpact,0.18,0.8108108108108107,1.3513513513513513,1.0956902848794738
GPP_8_Medium,GPP_7_NegativeImpact | TMIN_season_std_MediumImpact,0.082,0.43157894736842106,2.1155830753353975,1.0956493400684375
NDVI_7_High,VPDMIN_season_std_MediumImpact,0.334,0.8106796116504855,1.3511326860841426,1.0953357212429702
year_High | NDVI_7_High,VPDMIN_season_std_MediumImpact,0.334,0.8106796116504855,1.3511326860841426,1.0953357212429702
NDVI_8_High,GPP_6_HighPositiveImpact | EVI_season_max_PositiveImpact,0.206,0.44588744588744583,2.0453552563644304,1.0943978774313574
NDVI_8_High,field_capacity_MediumImpact,0.392,0.8484848484848485,1.2894906511927788,1.0941132797999336
year_High | NDVI_8_High,field_capacity_MediumImpact,0.392,0.8484848484848485,1.2894906511927788,1.0941132797999336
NDVI_season_max_High | NDVI_8_High,field_capacity_MediumImpact,0.368,0.847926267281106,1.2886417435883069,1.092673183503449
organic_matter_High | NDVI_8_Medium,TMIN_9_MediumImpact,0.088,0.5866666666666667,1.5520282186948853,1.0926278659611992
NDVI_season_max_High | organic_matter_Medium,field_capacity_MediumImpact,0.156,0.8478260869565217,1.288489493854896,1.0924150056595858
NDVI_8_High,GPP_6_HighPositiveImpact | NDVI_7_PositiveImpact,0.202,0.43722943722943725,2.0820449391877967,1.0923976044569739
X_High | NDVI_8_High,VPDMIN_season_std_MediumImpact,0.17,0.8095238095238096,1.3492063492063495,1.0922146636432355
NDVI_8_High,TMIN_season_std_MediumImpact | field_capacity_MediumImpact,0.382,0.8268398268398268,1.3208303943128223,1.0921151745183941
organic_matter_Medium | NDVI_7_High,VPDMAX_4_MediumImpact,0.122,0.8026315789473685,1.3603925066904552,1.0918939856331287
NDVI_season_max_Low,PPT_season_mean_MediumImpact | GPP_6_MediumImpact,0.078,0.44318181818181823,2.051767676767677,1.091167355371901
NDVI_8_High | NDVI_7_High,organic_matter_MediumImpact,0.208,0.5909090909090909,1.5388257575757576,1.0911673553719008
X_Low,TMIN_9_MediumImpact | GPP_5_MediumImpact,0.126,0.42000000000000004,2.1649484536082477,1.091134020618557
X_Medium | NDVI_7_High,VPDMIN_season_std_MediumImpact,0.144,0.8089887640449438,1.348314606741573,1.0907713672516095
X_Medium | NDVI_8_High,VPDMAX_4_MediumImpact,0.146,0.8021978021978021,1.3596572918606817,1.0907140912728546
NDVI_7_Low | organic_matter_Medium,EVI_season_std_MediumImpact,0.072,0.7659574468085106,1.423712726409871,1.0905033649096885
X_Low,PPT_7_PositiveImpact | GPP_5_MediumImpact,0.124,0.41333333333333333,2.198581560283688,1.0904964539007092
NDVI_8_Low,GPP_7_MediumImpact | EVI_season_std_MediumImpact,0.082,0.44086021505376344,2.0600944628680535,1.089856425517293
NDVI_7_Low | year_High,NDVI_season_std_MediumImpact,0.13,0.5701754385964912,1.592668822895227,1.0897207735598922
NDVI_7_Low,NDVI_season_std_MediumImpact,0.13,0.5701754385964912,1.592668822895227,1.0897207735598922
NDVI_season_max_High | year_High,GPP_6_HighPositiveImpact,0.224,0.4666666666666667,1.9444444444444446,1.088888888888889
NDVI_season_max_High,GPP_6_HighPositiveImpact,0.224,0.4666666666666667,1.9444444444444446,1.088888888888889
organic_matter_Low | NDVI_7_High,Y_MediumImpact,0.074,0.7254901960784313,1.4989466861124614,1.0874711252188445
NDVI_season_max_High,GPP_6_HighPositiveImpact | TMIN_season_std_MediumImpact,0.22,0.45833333333333337,1.9755747126436782,1.086566091954023
organic_matter_Low | NDVI_8_High,clay_percent_MediumImpact,0.086,0.7543859649122806,1.4396678719700011,1.086065236749299
organic_matter_Low | NDVI_8_High,VPDMIN_season_std_MediumImpact,0.092,0.8070175438596491,1.345029239766082,1.0854621934954345
organic_matter_Low | NDVI_8_High,PPT_season_mean_MediumImpact,0.102,0.894736842105263,1.21238054485808,1.0847615401361768
X_Medium | NDVI_8_Medium,EVI_9_MediumImpact,0.108,0.8571428571428571,1.264222503160556,1.0836192884233338
NDVI_8_High | NDVI_7_High,GPP_season_std_PositiveImpact,0.204,0.5795454545454546,1.55791788856305,1.0834610770461213
NDVI_8_High,NDVI_season_max_PositiveImpact | EVI_4_NegativeImpact,0.214,0.4632034632034632,1.9462330386700135,1.08180226045554
NDVI_season_max_High | X_High,TMAX_season_mean_MediumImpact,0.174,0.7837837837837838,1.3799010277883519,1.0815440488070867
NDVI_7_Low,TMIN_season_std_MediumImpact | organic_matter_NegativeImpact,0.128,0.5614035087719298,1.6040100250626566,1.0805962274106318
NDVI_season_max_High,NDVI_7_PositiveImpact | EVI_2_MediumImpact,0.26,0.5416666666666667,1.661554192229039,1.0800102249488757
NDVI_8_High,NDVI_season_max_PositiveImpact | PPT_7_PositiveImpact,0.22,0.47619047619047616,1.8896447467876039,1.079796998164345
NDVI_8_High,NDVI_season_max_PositiveImpact | TMAX_season_mean_MediumImpact,0.22,0.47619047619047616,1.8896447467876039,1.079796998164345
NDVI_season_max_High,NDVI_7_PositiveImpact | GPP_9_PositiveImpact,0.246,0.5125000000000001,1.7551369863013702,1.0794092465753429
NDVI_season_max_High | organic_matter_Medium,TMAX_season_mean_MediumImpact,0.144,0.7826086956521738,1.3778322106552356,1.0783034692084452
NDVI_7_High,GPP_9_PositiveImpact | VPDMIN_season_std_MediumImpact,0.216,0.5242718446601942,1.7133066818960594,1.0778861455035402
NDVI_7_Low | NDVI_8_Low,Y_PositiveImpact,0.074,0.513888888888889,1.747921390778534,1.0778848576467628
NDVI_8_High,PPT_season_mean_MediumImpact | GPP_9_PositiveImpact,0.272,0.5887445887445888,1.5252450485611109,1.0775757226197977
NDVI_season_max_High | organic_matter_Medium,NDVI_season_mean_HighPositiveImpact,0.076,0.41304347826086957,2.1739130434782608,1.0775047258979205
NDVI_season_max_High,NDVI_7_PositiveImpact | VPDMAX_4_MediumImpact,0.262,0.5458333333333334,1.6440763052208835,1.0768699799196788
NDVI_8_High | organic_matter_Medium,GPP_season_std_PositiveImpact,0.104,0.5777777777777777,1.5531660692951015,1.0768618080446035
NDVI_8_High,TMIN_9_PositiveImpact | EVI_season_max_PositiveImpact,0.274,0.5930735930735931,1.5129428394734517,1.0767437351057811
X_High | NDVI_7_High,NDVI_6_PositiveImpact,0.092,0.5679012345679012,1.5775034293552812,1.0750393740791544
NDVI_7_Medium | organic_matter_High,NDVI_season_mean_NegativeImpact,0.078,0.5909090909090908,1.515151515151515,1.0743801652892557
NDVI_7_High,TMIN_season_std_MediumImpact | VPDMIN_season_std_MediumImpact,0.324,0.7864077669902914,1.3652912621359226,1.0736756527476674
X_Medium | NDVI_7_Medium,EVI_9_MediumImpact,0.116,0.8529411764705882,1.2580253340274161,1.073021608435149
NDVI_7_High,NDVI_8_PositiveImpact | field_capacity_MediumImpact,0.194,0.470873786407767,1.8986846226119638,1.072848980932197
organic_matter_Low,VPDMIN_season_std_MediumImpact | wilting_point_NegativeImpact,0.146,0.48026315789473684,1.861485108119135,1.0728032596791857
NDVI_7_Low,PPT_season_mean_MediumImpact | Y_PositiveImpact,0.102,0.4473684210526315,1.9971804511278193,1.0721705579738818
X_Medium | organic_matter_High,pH_NegativeImpact,0.076,0.5588235294117646,1.5966386554621848,1.070687098368759
NDVI_season_max_High | organic_matter_Medium,GPP_season_std_PositiveImpact,0.106,0.5760869565217391,1.5486208508648902,1.0705683273370328
NDVI_season_max_High | organic_matter_Medium,NDVI_8_PositiveImpact,0.098,0.532608695652174,1.6748701121137546,1.0704604629596606
NDVI_8_Low,TMIN_9_MediumImpact,0.108,0.5806451612903226,1.5360983102918588,1.07031366136465
year_High | NDVI_8_Low,TMIN_9_MediumImpact,0.108,0.5806451612903226,1.5360983102918588,1.07031366136465
GPP_8_High | organic_matter_High,GPP_season_std_HighPositiveImpact,0.12,0.41379310344827586,2.155172413793103,1.0701545778834718
NDVI_season_max_High,NDVI_7_PositiveImpact | Y_MediumImpact,0.254,0.5291666666666667,1.6852441613588112,1.070130042462845
NDVI_season_max_High,field_capacity_MediumImpact | EVI_season_max_PositiveImpact,0.358,0.7458333333333333,1.4342948717948718,1.0697449252136753
NDVI_season_max_High | GPP_8_High,NDVI_season_std_NegativeImpact,0.228,0.5066666666666667,1.7592592592592595,1.06962962962963
GPP_8_High | NDVI_7_High,Y_MediumImpact,0.282,0.7193877551020407,1.4863383369876875,1.0692535995676729
organic_matter_Low | NDVI_8_High,Y_MediumImpact,0.082,0.7192982456140351,1.4861534000289982,1.0689875333541916
NDVI_8_Low,VPDMIN_8_MediumImpact | NDVI_season_std_MediumImpact,0.086,0.46236559139784944,1.9265232974910393,1.0689097005434154
NDVI_7_Low,PPT_season_mean_MediumImpact | GPP_6_MediumImpact,0.1,0.4385964912280702,2.030539311241066,1.0687049006531926
organic_matter_High,TMIN_season_std_MediumImpact | NDVI_season_mean_NegativeImpact,0.198,0.5755813953488372,1.5472618154538635,1.0686901376506917
NDVI_8_Medium,NDVI_season_max_MediumImpact,0.144,0.40909090909090906,2.1760154738878144,1.0682257780903814
year_High | NDVI_8_Medium,NDVI_season_max_MediumImpact,0.144,0.40909090909090906,2.1760154738878144,1.0682257780903814
NDVI_season_max_High | NDVI_8_High,GPP_7_PositiveImpact,0.222,0.511520737327189,1.73986645349384,1.0679733253704122
X_High | NDVI_7_High,b_density_MediumImpact,0.12,0.7407407407407407,1.4411298457991064,1.0675035894808196
year_High | NDVI_7_High,Y_MediumImpact,0.296,0.7184466019417476,1.4843938056647679,1.0664576856232313
NDVI_7_High,Y_MediumImpact,0.296,0.7184466019417476,1.4843938056647679,1.0664576856232313
NDVI_season_max_High | GPP_8_High,GPP_7_PositiveImpact,0.23,0.5111111111111111,1.7384731670445956,1.0662635424540186
GPP_8_High | NDVI_8_High,GPP_9_PositiveImpact,0.322,0.7285067873303167,1.4628650347998327,1.065707106799878
NDVI_8_High | NDVI_7_High,NDVI_season_std_NegativeImpact,0.178,0.5056818181818182,1.7558396464646469,1.0654754218319562
X_Medium | NDVI_7_High,NDVI_season_std_NegativeImpact,0.09,0.5056179775280899,1.75561797752809,1.0652064133316501
NDVI_8_High | organic_matter_Medium,TMAX_season_mean_MediumImpact,0.14,0.7777777777777779,1.369327073552426,1.0650321683185537
year_High | NDVI_8_Low,organic_matter_NegativeImpact,0.106,0.5698924731182795,1.5570832598860096,1.064844035793013
NDVI_8_Low,organic_matter_NegativeImpact,0.106,0.5698924731182795,1.5570832598860096,1.064844035793013
NDVI_8_Low,year_HighNegativeImpact | EVI_season_std_MediumImpact,0.084,0.4516129032258065,1.9635343618513326,1.0641089444871739
NDVI_7_High,VPDMIN_11_MediumImpact | TMIN_season_std_MediumImpact,0.206,0.5,1.773049645390071,1.0638297872340425
NDVI_7_Low,GPP_7_MediumImpact | VPDMIN_8_MediumImpact,0.096,0.42105263157894735,2.1052631578947367,1.0637119113573406
NDVI_8_High,TMIN_9_PositiveImpact | NDVI_7_PositiveImpact,0.23,0.49783549783549785,1.7779839208410635,1.0621722124505055
NDVI_7_High,VPDMIN_season_std_MediumImpact | EVI_8_MediumImpact,0.224,0.5436893203883496,1.6278123364920647,1.0620290195365705
year_High | NDVI_7_High,VPDMIN_11_MediumImpact,0.208,0.5048543689320388,1.7529665587918017,1.0619913909573633
NDVI_7_High,VPDMIN_11_MediumImpact,0.208,0.5048543689320388,1.7529665587918017,1.0619913909573633
NDVI_7_Low,organic_matter_NegativeImpact | TMIN_9_MediumImpact,0.092,0.40350877192982454,2.1929824561403506,1.0618651892890119
X_High | organic_matter_High,NDVI_season_mean_NegativeImpact,0.074,0.5873015873015872,1.5059015059015057,1.0613020136829658
NDVI_season_max_Low,VPDMIN_8_MediumImpact | VPDMIN_11_NegativeImpact,0.074,0.42045454545454547,2.102272727272727,1.0606921487603305
NDVI_season_max_High | NDVI_7_High,GPP_season_std_PositiveImpact,0.204,0.5730337078651685,1.5404131931859368,1.0592504204829138
organic_matter_High | NDVI_8_Medium,NDVI_season_mean_NegativeImpact,0.088,0.5866666666666667,1.5042735042735043,1.0590085470085469
NDVI_7_Medium | organic_matter_Medium,EVI_season_std_MediumImpact,0.08,0.7547169811320755,1.4028196675317388,1.0587318245522557
organic_matter_Low,Y_PositiveImpact | TMIN_season_std_MediumImpact,0.15,0.4934210526315789,1.787757437070938,1.058540587739371
NDVI_8_High,PPT_season_mean_MediumImpact | EVI_season_max_PositiveImpact,0.342,0.7402597402597403,1.4290728576442862,1.0578851024120042
GPP_8_Medium,PPT_season_mean_MediumImpact | NDVI_7_MediumImpact,0.092,0.4842105263157895,1.820340324495449,1.0577135359173555
NDVI_7_High,TMAX_season_mean_MediumImpact | field_capacity_MediumImpact,0.234,0.5679611650485438,1.5518064618812673,1.0576389672239317
organic_matter_High | NDVI_8_Medium,NDVI_7_MediumImpact,0.084,0.56,1.5730337078651688,1.0570786516853934
NDVI_season_max_High,GPP_9_PositiveImpact | field_capacity_MediumImpact,0.274,0.5708333333333334,1.5427927927927931,1.0568130630630634
year_High | NDVI_7_High,NDVI_8_PositiveImpact,0.218,0.529126213592233,1.6639189106673993,1.0565077355111447
NDVI_7_High,NDVI_8_PositiveImpact,0.218,0.529126213592233,1.6639189106673993,1.0565077355111447
NDVI_7_High,TMIN_season_std_MediumImpact | GPP_season_std_PositiveImpact,0.23,0.5582524271844661,1.5769842575832376,1.0564263473130429
NDVI_7_High,TMIN_season_std_MediumImpact | Y_MediumImpact,0.292,0.7087378640776699,1.488945092600147,1.0552717646583567
NDVI_8_Low,GPP_7_MediumImpact | VPDMIN_8_MediumImpact,0.078,0.41935483870967744,2.096774193548387,1.0551508844953175
NDVI_8_Low,VPDMIN_8_MediumImpact | VPDMIN_11_NegativeImpact,0.078,0.41935483870967744,2.096774193548387,1.0551508844953175
X_Low | NDVI_8_Medium,PPT_7_PositiveImpact,0.076,0.7916666666666666,1.3327721661054994,1.0551112981668536
NDVI_8_High | organic_matter_Medium,VPDMAX_4_MediumImpact,0.142,0.7888888888888889,1.3370998116760828,1.0548231847666876
NDVI_8_High,NDVI_7_PositiveImpact | PPT_7_PositiveImpact,0.238,0.5151515151515151,1.7057997190447522,1.0544943717731194
X_Medium | NDVI_8_High,GPP_season_std_PositiveImpact,0.104,0.5714285714285714,1.5360983102918586,1.053324555628703
X_Medium | GPP_8_High,EVI_season_max_PositiveImpact,0.212,0.8412698412698413,1.2518896447467875,1.053177002723488
GPP_8_High | organic_matter_Medium,EVI_season_max_PositiveImpact,0.19,0.8407079646017699,1.2510535187526337,1.051770657358409
NDVI_season_max_High,NDVI_7_PositiveImpact | EVI_9_MediumImpact,0.262,0.5458333333333334,1.6053921568627452,1.0515318627450982
NDVI_season_max_Low,VPDMIN_8_MediumImpact | TMIN_9_MediumImpact,0.084,0.47727272727272735,1.8356643356643358,1.051335028607756
NDVI_8_High,GPP_9_PositiveImpact | Y_MediumImpact,0.228,0.4935064935064935,1.7752032140521348,1.0512891761139913
NDVI_season_max_Low,TMEAN_10_MediumImpact | GPP_5_MediumImpact,0.074,0.42045454545454547,2.0814581458145813,1.050190246297357
NDVI_season_max_High | GPP_8_High,field_capacity_MediumImpact,0.374,0.8311111111111111,1.2630867950016886,1.0497654696236256
organic_matter_Low | NDVI_7_High,EVI_9_MediumImpact,0.086,0.8431372549019608,1.2435652727167563,1.048496210329814
organic_matter_Low | GPP_8_High,b_density_MediumImpact,0.138,0.7340425531914894,1.4280983525126252,1.048284960886927
organic_matter_Low | year_High,Y_PositiveImpact,0.154,0.506578947368421,1.7230576441102756,1.0474376731301938
organic_matter_Low,Y_PositiveImpact,0.154,0.506578947368421,1.7230576441102756,1.0474376731301938
NDVI_8_High,GPP_7_PositiveImpact,0.234,0.5064935064935066,1.722767028889478,1.0470843760003583
